Incident energy,Cross section
1E-05,29.89785
1.0625E-05,29.05961
1.125E-05,28.2937
1.1875E-05,27.59043
1.25E-05,26.94184
1.375E-05,25.78324
1.5E-05,24.77653
1.625E-05,23.89171
1.75E-05,23.10644
1.875E-05,22.40374
2E-05,21.77038
2.1875E-05,20.9281
2.375E-05,20.19179
2.5625E-05,19.54149
2.75E-05,18.96212
2.9375E-05,18.44202
3.125E-05,17.97206
3.3125E-05,17.54494
3.5E-05,17.15475
3.875E-05,16.46667
4.25E-05,15.87816
4.625E-05,15.36822
5E-05,14.92153
5.3125E-05,14.58921
5.625E-05,14.28761
5.9375E-05,14.0125
6.25E-05,13.76045
6.875E-05,13.31451
7.5E-05,12.93195
8.125E-05,12.5999
8.75E-05,12.30881
9.375E-05,12.05144
0.0001,11.82219
0.00010625,11.61665
0.0001125,11.43129
0.00011875,11.26328
0.000125,11.11028
0.0001375,10.84192
0.00015,10.61427
0.0001625,10.41876
0.000175,10.24907
0.0001875,10.10045
0.0002,9.969235
0.00021875,9.798971
0.0002375,9.654285
0.00025625,9.529879
0.000275,9.421819
0.00029375,9.327117
0.0003125,9.24347
0.00033125,9.169071
0.00035,9.102481
0.0003875,8.988321
0.000425,8.894055
0.0004625,8.814931
0.0005,8.747591
0.00053125,8.698696
0.0005625,8.655207
0.00059375,8.616279
0.000625,8.581229
0.0006875,8.52066
0.00075,8.470156
0.0008125,8.4274
0.000875,8.390731
0.0009375,8.358935
0.001,8.331097
0.0010625,8.306519
0.001125,8.284657
0.0011875,8.265083
0.00125,8.247454
0.001375,8.216969
0.0015,8.191522
0.001625,8.16995
0.00175,8.151423
0.001875,8.135333
0.002,8.121222
0.0021875,8.103025
0.002375,8.08764
0.0025625,8.074451
0.00275,8.063007
0.0029375,8.052976
0.003125,8.044102
0.0033125,8.036189
0.0035,8.029083
0.003875,8.016822
0.00425,8.00659
0.004625,7.997892
0.005,7.990383
0.0053125,7.984852
0.005625,7.979865
0.0059375,7.975335
0.00625,7.971194
0.006875,7.963866
0.0075,7.957546
0.008125,7.951999
0.00875,7.947062
0.009375,7.942611
0.01,7.938555
0.010625,7.934825
0.01125,7.931366
0.011875,7.928135
0.0125,7.925099
0.01375,7.919501
0.015,7.914405
0.01625,7.909694
0.0175,7.905286
0.01875,7.901119
0.02,7.897148
0.021325,7.893114
0.02265,7.889228
0.023975,7.885466
0.0253,7.881807
0.02684375,7.877654
0.0283875,7.873601
0.031475,7.865732
0.0345625,7.858106
0.03765,7.850659
0.0407375,7.843348
0.043825,7.83614
0.0469125,7.829012
0.05,7.821946
0.053125,7.814844
0.05625,7.807781
0.059375,7.800748
0.0625,7.793737
0.06875,7.779763
0.075,7.765827
0.08125,7.7519
0.0875,7.737967
0.09375,7.724012
0.1,7.710024
0.10625,7.695996
0.1125,7.68192
0.11875,7.667788
0.125,7.65359
0.1375,7.625003
0.15,7.596135
0.1625,7.566949
0.175,7.537416
0.1875,7.507507
0.2,7.477196
0.2153516,7.43937
0.2307032,7.400822
0.2460548,7.361474
0.2614063,7.321228
0.2733038,7.289341
0.2852013,7.256765
0.2970988,7.2234
0.3089962,7.189118
0.3208937,7.153769
0.3268424,7.13562
0.3327911,7.117087
0.3387399,7.098122
0.3446886,7.078674
0.3506373,7.058686
0.3536117,7.048468
0.356586,7.038088
0.3596564,7.027196
0.3627267,7.01612
0.365797,7.004859
0.3688673,6.993424
0.3719376,6.98184
0.3750079,6.970154
0.3780782,6.958452
0.3811485,6.946869
0.3833722,6.938667
0.3855958,6.930739
0.3878194,6.923215
0.390043,6.916251
0.3922667,6.910025
0.3944903,6.904732
0.3989375,6.897706
0.4032032,6.896362
0.405336,6.897822
0.4074688,6.900637
0.4096016,6.904649
0.4117344,6.909618
0.4138672,6.915227
0.4149336,6.918159
0.416,6.921112
0.4173448,6.92479
0.4186895,6.928326
0.4200343,6.931629
0.421379,6.934613
0.4227238,6.937206
0.4240685,6.939343
0.4267579,6.942062
0.4375157,6.930903
0.4402872,6.923218
0.4430587,6.914218
0.4458302,6.904242
0.4486016,6.893585
0.4513731,6.882483
0.4541446,6.871117
0.4569161,6.859619
0.4596875,6.84808
0.4622071,6.837604
0.4647266,6.827172
0.4672462,6.8168
0.4697657,6.806499
0.4748048,6.786117
0.4798438,6.766019
0.4848829,6.746166
0.4899219,6.72651
0.5,6.687608
0.5290619,6.576505
0.5708384,6.414111
0.6126148,6.243327
0.6543913,6.059708
0.6961677,5.86527
0.7379442,5.651267
0.7797206,5.415214
0.8006089,5.286876
0.8214971,5.149989
0.8423853,5.002962
0.8632735,4.842711
0.8737177,4.755545
0.8841618,4.662559
0.8946059,4.562394
0.90505,4.453
0.9102721,4.394073
0.9154941,4.331936
0.9207162,4.266411
0.9259382,4.197623
0.9311603,4.126334
0.9363823,4.054543
0.9416044,3.986296
0.9468264,3.928566
0.9513673,3.89485
0.9559082,3.885266
0.9604491,3.908495
0.96499,3.971392
0.9694925,4.07542
0.973995,4.217189
0.9784975,4.386091
0.983,4.565926
0.98725,4.728827
0.9915,4.870057
0.99575,4.978689
1,5.049149
1.009413,5.075616
1.01412,5.037715
1.018826,4.979671
1.023533,4.910807
1.028239,4.838191
1.032946,4.766438
1.037652,4.698251
1.045506,4.595474
1.05336,4.507403
1.06645,4.391231
1.07954,4.310362
1.09263,4.264681
1.105719,4.257927
1.119464,4.301211
1.133208,4.4103
1.146953,4.606874
1.160697,4.922921
1.174442,5.405848
1.181314,5.730683
1.188186,6.126104
1.195058,6.606874
1.20193,7.191831
1.208802,7.905368
1.215674,8.779228
1.222874,9.912024
1.230073,11.32901
1.237273,13.11547
1.244472,15.38797
1.248072,16.75588
1.251672,18.31224
1.255272,20.08933
1.258871,22.12574
1.262471,24.47064
1.26607,27.18192
1.26967,30.33465
1.273269,34.01899
1.277851,39.66538
1.282432,46.67342
1.287014,55.46211
1.289305,60.68983
1.291595,66.5786
1.293886,73.22829
1.296177,80.74273
1.298468,89.23963
1.300758,98.84297
1.303049,109.6987
1.30534,121.947
1.307631,135.7344
1.309921,151.1974
1.313505,179.0836
1.317088,211.8007
1.320672,249.5545
1.324255,292.1867
1.331422,389.3529
1.338588,492.5532
1.342941,550.7689
1.347294,599.9976
1.351647,635.9594
1.356,655.4726
1.358488,658.5735
1.362369,651.6762
1.366249,631.426
1.370129,599.8108
1.374009,559.5298
1.38177,465.0126
1.38953,369.7861
1.39396,320.8759
1.398389,277.6661
1.402819,240.4888
1.407248,209.1219
1.411678,182.9655
1.416107,161.296
1.420536,143.3569
1.424965,128.462
1.428713,117.7967
1.432461,108.5916
1.436209,100.6
1.439957,93.61983
1.443705,87.48638
1.447453,82.06564
1.451201,77.24842
1.454949,72.94543
1.462445,65.6012
1.469941,59.58341
1.477437,54.57689
1.484932,50.35539
1.490384,47.68033
1.495836,45.28159
1.506739,41.15964
1.517642,37.74656
1.528545,34.87568
1.539448,32.42732
1.550351,30.3125
1.561254,28.46376
1.572157,26.82924
1.580335,25.71916
1.588512,24.69296
1.596689,23.73882
1.604866,22.8469
1.613725,21.9414
1.622584,21.09123
1.631443,20.29093
1.640302,19.53875
1.644732,19.18169
1.649161,18.83911
1.653591,18.5133
1.65802,18.20825
1.66245,17.92968
1.666879,17.68649
1.671308,17.49133
1.675737,17.36232
1.679826,17.32347
1.683914,17.3882
1.688003,17.58923
1.692091,17.96573
1.695839,18.50316
1.699587,19.26178
1.703335,20.27638
1.707083,21.57603
1.710831,23.17886
1.714579,25.08645
1.722075,29.71069
1.727557,33.54467
1.733038,37.42191
1.738519,40.96975
1.744,43.82178
1.7488,45.52151
1.75245,46.2431
1.7561,46.46015
1.7634,45.50358
1.7707,43.12374
1.778,39.97601
1.783088,37.6549
1.788175,35.40781
1.793263,33.33038
1.795807,32.37225
1.79835,31.47212
1.800894,30.6298
1.803438,29.84474
1.805982,29.11493
1.808525,28.43789
1.813613,27.2276
1.8187,26.18647
1.823094,25.402
1.827488,24.70708
1.831882,24.08786
1.836275,23.53275
1.840669,23.03176
1.845063,22.57698
1.849457,22.16182
1.85385,21.78093
1.862638,21.10431
1.871425,20.51967
1.880213,20.00736
1.889,19.55328
1.895938,19.22879
1.902875,18.92984
1.91675,18.3954
1.930625,17.92906
1.9445,17.51633
1.958375,17.14709
1.97225,16.81388
1.986125,16.51096
2,16.23371
2.0176,15.91321
2.0352,15.62209
2.0528,15.35589
2.0704,15.11116
2.088,14.8853
2.1056,14.6761
2.1408,14.2979
2.176,13.96321
2.2112,13.66475
2.2464,13.39608
2.2816,13.1521
2.3256,12.87589
2.3696,12.62602
2.4136,12.39838
2.4576,12.18973
2.5016,11.99321
2.5456,11.80936
2.5896,11.63513
2.6336,11.46858
2.704,11.2138
2.7392,11.08971
2.7744,10.96679
2.8008,10.87456
2.8272,10.78171
2.8536,10.68767
2.88,10.5918
2.8987,10.52229
2.9174,10.45099
2.9361,10.37743
2.9548,10.30106
2.9735,10.22113
2.98285,10.17951
2.9922,10.13656
3.00155,10.09206
3.0109,10.04572
3.02025,9.997206
3.0296,9.946056
3.0373,9.901556
3.04115,9.878379
3.045,9.854523
3.04885,9.829943
3.0527,9.804607
3.05655,9.778496
3.0604,9.751618
3.06425,9.724016
3.0681,9.695783
3.07195,9.66708
3.0758,9.638146
3.07965,9.609314
3.0835,9.581019
3.08735,9.553801
3.0912,9.528295
3.0956,9.502159
3.1,9.480313
3.1121,9.450747
3.11815,9.455913
3.1242,9.474279
3.1264,9.483813
3.1332,9.520275
3.1366,9.540852
3.14,9.561651
3.14595,9.595396
3.1519,9.621197
3.157251,9.63401
3.162602,9.634844
3.173304,9.598441
3.181186,9.542462
3.185127,9.507162
3.189067,9.468087
3.193008,9.426003
3.196948,9.381635
3.200889,9.335558
3.204829,9.28827
3.209263,9.23403
3.213696,9.179036
3.218129,9.123458
3.222562,9.067352
3.226995,9.010682
3.231428,8.953347
3.235861,8.895201
3.240294,8.836072
3.245713,8.762179
3.251131,8.686187
3.25655,8.6077
3.261968,8.526374
3.272805,8.353642
3.278223,8.261504
3.283641,8.165025
3.28906,8.063855
3.294478,7.957761
3.299897,7.846559
3.305315,7.730361
3.310734,7.609578
3.316152,7.485327
3.32157,7.359653
3.326988,7.236125
3.332899,7.11067
3.335855,7.054944
3.33881,7.006424
3.341766,6.96747
3.344721,6.940958
3.347677,6.930216
3.350632,6.939111
3.353588,6.972035
3.356543,7.033851
3.359499,7.12994
3.362454,7.265943
3.368365,7.681716
3.374275,8.328211
3.378216,8.908218
3.382157,9.617873
3.388068,10.933
3.393979,12.53727
3.39989,14.38516
3.4058,16.39443
3.41035,17.98125
3.4149,19.53734
3.41945,21.00054
3.424,22.3116
3.430825,23.88422
3.438136,24.93253
3.445447,25.28276
3.452758,24.99605
3.460069,24.21076
3.469004,22.82952
3.473471,22.05592
3.477938,21.27119
3.482406,20.50067
3.486873,19.76365
3.49134,19.0727
3.495807,18.43511
3.499902,17.9001
3.503997,17.41226
3.508092,16.96974
3.512187,16.56962
3.516282,16.20837
3.520377,15.88221
3.524472,15.58739
3.528566,15.3204
3.532661,15.07781
3.536756,14.85675
3.540851,14.6546
3.544946,14.46908
3.553136,14.14028
3.561325,13.85761
3.569515,13.61146
3.577705,13.39477
3.585895,13.20214
3.594085,13.02942
3.602275,12.87339
3.610465,12.73148
3.618655,12.60162
3.626844,12.48215
3.643224,12.26892
3.659604,12.08305
3.675984,11.9181
3.692363,11.76909
3.704276,11.66835
3.716188,11.57247
3.728101,11.48008
3.734057,11.43482
3.740013,11.38999
3.747831,11.33164
3.755649,11.2738
3.763467,11.21673
3.767376,11.18868
3.771284,11.16115
3.775193,11.13432
3.779102,11.10844
3.786919,11.06077
3.794737,11.02105
3.802554,10.99258
3.812977,10.97726
3.8234,10.99113
3.8288,11.00919
3.8342,11.03324
3.8396,11.06155
3.845,11.09199
3.850954,11.12529
3.856907,11.1554
3.862861,11.17976
3.868814,11.1965
3.889844,11.18705
3.895102,11.17023
3.900359,11.14947
3.905617,11.1258
3.910874,11.10021
3.916962,11.06926
3.92305,11.03787
3.929138,11.00678
3.935225,10.97646
3.941313,10.94719
3.9474,10.9191
3.953488,10.89218
3.959575,10.86641
3.965663,10.8417
3.97175,10.81797
3.983925,10.77307
3.9961,10.73106
4.008275,10.6914
4.021558,10.65038
4.03484,10.61131
4.061404,10.53795
4.087968,10.46959
4.114532,10.40499
4.141096,10.34332
4.16766,10.28404
4.220788,10.17094
4.256207,10.09846
4.291626,10.02756
4.327045,9.957646
4.362463,9.888214
4.408951,9.796968
4.455438,9.704546
4.501925,9.609718
4.548412,9.511066
4.594899,9.406862
4.618143,9.352006
4.641386,9.29488
4.66463,9.235096
4.687873,9.172226
4.711117,9.105726
4.73436,9.034852
4.757604,8.958652
4.780848,8.876033
4.804092,8.785655
4.827335,8.685776
4.838957,8.631576
4.850579,8.574081
4.862201,8.512881
4.873822,8.447505
4.885444,8.377373
4.897066,8.301814
4.908688,8.220012
4.920309,8.130993
4.930271,8.048043
4.940232,7.95806
4.950194,7.860026
4.960155,7.752839
4.970117,7.635293
4.980078,7.506346
4.985059,7.437388
4.990039,7.365496
4.99502,7.290835
5,7.213834
5.003908,7.152202
5.007816,7.090056
5.011724,7.028105
5.015631,6.967322
5.019539,6.908928
5.023447,6.854548
5.027355,6.8062
5.031262,6.766375
5.03517,6.738035
5.039078,6.72471
5.042986,6.730453
5.046893,6.759814
5.050801,6.817813
5.054708,6.909755
5.058616,7.041194
5.062523,7.217527
5.067459,7.512502
5.072395,7.896305
5.077331,8.37527
5.082266,8.951926
5.089256,9.93108
5.096246,11.07715
5.103236,12.34306
5.110225,13.66138
5.117613,15.0227
5.125,16.25339
5.129925,16.95689
5.13485,17.54188
5.142065,18.15621
5.14928,18.46755
5.156495,18.48856
5.16371,18.25806
5.173894,17.6148
5.178986,17.20255
5.184077,16.75822
5.189169,16.29997
5.19426,15.84322
5.199352,15.39964
5.204443,14.97796
5.208856,14.63443
5.213269,14.31351
5.217682,14.01605
5.222094,13.74204
5.226507,13.49058
5.23092,13.2605
5.235333,13.0503
5.239745,12.85835
5.244158,12.68286
5.248571,12.52222
5.252984,12.37488
5.257396,12.23943
5.261809,12.11449
5.266222,11.99895
5.275047,11.79204
5.283194,11.6249
5.291341,11.4764
5.299488,11.34332
5.307634,11.22316
5.315781,11.11389
5.323927,11.01395
5.332074,10.92203
5.34022,10.83708
5.356514,10.68466
5.372807,10.55122
5.3891,10.43274
5.405393,10.32624
5.421687,10.22945
5.43798,10.14066
5.454273,10.05854
5.470566,9.982033
5.48686,9.910281
5.503153,9.842579
5.535739,9.717025
5.568326,9.601648
5.600912,9.493772
5.633499,9.391318
5.666085,9.292562
5.709534,9.164371
5.763845,9.006381
5.818156,8.846958
5.872467,8.682107
5.926778,8.507693
5.967512,8.367807
6.008245,8.217555
6.048978,8.054159
6.089711,7.874362
6.110078,7.776916
6.130445,7.673401
6.150812,7.562929
6.171178,7.444566
6.191545,7.317236
6.211911,7.179695
6.232278,7.030453
6.252644,6.867806
6.270295,6.714466
6.287946,6.54809
6.305597,6.367081
6.323248,6.169906
6.332074,6.064894
6.340899,5.955569
6.349725,5.842053
6.35855,5.724781
6.367376,5.60458
6.376201,5.48309
6.385027,5.363188
6.393852,5.250023
6.402678,5.152436
6.411504,5.085498
6.415917,5.070798
6.42033,5.074142
6.424743,5.10103
6.429155,5.158279
6.433568,5.254296
6.437981,5.399218
6.442394,5.605138
6.446806,5.886165
6.451219,6.258744
6.455632,6.741226
6.460045,7.353886
6.464457,8.11828
6.469888,9.301157
6.475319,10.79027
6.48075,12.62432
6.486181,14.83494
6.491612,17.44231
6.497043,20.45052
6.502474,23.84342
6.507905,27.58124
6.520125,36.87395
6.526235,41.68726
6.532345,46.36394
6.537759,50.22943
6.543173,53.6875
6.548587,56.61128
6.554,58.89541
6.558735,60.30931
6.565064,61.29756
6.571392,61.25043
6.577721,60.22606
6.584049,58.34073
6.594233,53.91079
6.604416,48.44122
6.614599,42.67978
6.619691,39.88139
6.624782,37.21375
6.628948,35.15473
6.633114,33.22263
6.63728,31.42587
6.641446,29.76802
6.645612,28.24856
6.649778,26.86377
6.653944,25.60747
6.658109,24.472
6.662275,23.44784
6.666441,22.52574
6.670607,21.69604
6.674772,20.94948
6.678938,20.27674
6.683104,19.66964
6.68727,19.12054
6.691435,18.62267
6.698841,17.84486
6.706247,17.18047
6.713653,16.60664
6.721059,16.10565
6.728465,15.66382
6.735871,15.27055
6.743277,14.91762
6.750683,14.59853
6.765495,14.04233
6.780307,13.57145
6.795119,13.16528
6.80993,12.80929
6.821039,12.56867
6.832148,12.34666
6.843257,12.14032
6.854366,11.94715
6.865475,11.76497
6.876584,11.59181
6.887693,11.4259
6.898802,11.26552
6.913614,11.05746
6.924723,10.90377
6.930278,10.82719
6.935832,10.75066
6.941387,10.6741
6.946941,10.59756
6.952496,10.52116
6.95805,10.44521
6.963605,10.37016
6.969159,10.2967
6.974714,10.22574
6.980268,10.1585
6.985823,10.09639
6.991377,10.04115
6.996931,9.99464
7.002485,9.958854
7.012669,9.927556
7.022852,9.949062
7.033035,10.02834
7.043218,10.16218
7.049164,10.26087
7.055109,10.36998
7.061055,10.48484
7.067,10.60017
7.07453,10.73874
7.08206,10.85968
7.089959,10.9588
7.097857,11.02354
7.113653,11.04382
7.126201,10.96904
7.132475,10.90942
7.138749,10.83954
7.145023,10.76264
7.151297,10.68162
7.157571,10.59891
7.163845,10.51637
7.16809,10.46135
7.172334,10.40737
7.176578,10.35464
7.180822,10.3033
7.185067,10.25342
7.189311,10.20506
7.197799,10.11279
7.206288,10.02612
7.214776,9.944445
7.223265,9.867078
7.231753,9.793372
7.240242,9.722712
7.24873,9.654598
7.265707,9.524293
7.282684,9.399715
7.29966,9.278902
7.317375,9.155253
7.33509,9.03279
7.37052,8.787217
7.400045,8.577627
7.42957,8.359406
7.459095,8.128639
7.48862,7.881086
7.518145,7.611983
7.532908,7.467673
7.54767,7.315881
7.562433,7.155777
7.577195,6.986528
7.591958,6.807258
7.60672,6.617234
7.622221,6.405587
7.637722,6.181762
7.653223,5.947731
7.660973,5.828492
7.668723,5.709472
7.676474,5.592883
7.684224,5.482237
7.691974,5.382913
7.699724,5.303195
7.707475,5.255638
7.715225,5.258974
7.722975,5.3405
7.730725,5.539011
7.738107,5.885551
7.741798,6.135119
7.745488,6.447194
7.749179,6.831989
7.752869,7.300305
7.75656,7.864315
7.76025,8.536417
7.766155,9.870545
7.77206,11.5722
7.777965,13.6966
7.78387,16.29358
7.789775,19.40232
7.79568,23.04535
7.801585,27.22254
7.80749,31.90566
7.814503,38.03914
7.821515,44.63463
7.835539,58.24589
7.84115,63.42619
7.84676,68.2069
7.85237,72.43039
7.85798,75.95563
7.863,78.42401
7.86802,80.18259
7.877343,81.46927
7.886665,80.23269
7.895988,76.78194
7.90531,71.63963
7.925687,57.54874
7.935876,50.47996
7.94097,47.17628
7.946064,44.07908
7.950927,41.33632
7.95579,38.81308
7.960653,36.51146
7.965515,34.4274
7.970378,32.5506
7.975241,30.86855
7.980104,29.36607
7.984966,28.02708
7.989829,26.83445
7.994692,25.77229
7.999555,24.82528
8.004417,23.97946
8.00928,23.22168
8.014143,22.54072
8.019006,21.92654
8.023868,21.37051
8.032668,20.48802
8.041467,19.73537
8.050266,19.08519
8.059065,18.51704
8.067865,18.01541
8.076664,17.56866
8.085463,17.16764
8.094262,16.80521
8.111861,16.17453
8.129459,15.64293
8.147057,15.18736
8.164655,14.7914
8.17577,14.56641
8.186885,14.35788
8.198,14.16373
8.209114,13.9822
8.220229,13.81169
8.231344,13.65087
8.242459,13.49856
8.248016,13.42529
8.253573,13.35381
8.259131,13.28404
8.264688,13.21593
8.270246,13.14945
8.275803,13.0846
8.281361,13.02141
8.286918,12.95996
8.292475,12.90034
8.298032,12.84268
8.30359,12.78712
8.309147,12.73386
8.320262,12.63491
8.342491,12.47105
8.351132,12.41982
8.359772,12.37468
8.368386,12.3345
8.377,12.29752
8.385615,12.26194
8.394229,12.22599
8.401773,12.19301
8.409317,12.1578
8.424405,12.07912
8.438262,11.9972
8.445191,11.95341
8.452119,11.90826
8.459048,11.86214
8.465976,11.81544
8.472905,11.76848
8.479833,11.72155
8.486069,11.67947
8.492305,11.63765
8.498541,11.59614
8.504776,11.55496
8.511012,11.51408
8.517247,11.47348
8.523483,11.43308
8.529718,11.39285
8.538033,11.3393
8.546347,11.28567
8.554661,11.23175
8.562975,11.17729
8.579604,11.06564
8.587918,11.00787
8.596232,10.94836
8.604547,10.88677
8.612861,10.82282
8.621175,10.75626
8.629489,10.68706
8.637803,10.61547
8.64196,10.57899
8.646117,10.54225
8.650274,10.50545
8.654431,10.46885
8.658588,10.43278
8.662745,10.39765
8.668981,10.34777
8.675217,10.30303
8.681453,10.26574
8.687688,10.23856
8.693924,10.22437
8.70016,10.22612
8.712631,10.28842
8.727874,10.48919
8.735496,10.64218
8.743117,10.82577
8.749838,11.00758
8.756559,11.20137
8.76328,11.39958
8.77,11.59406
8.776964,11.7831
8.783928,11.95137
8.790028,12.0764
8.796127,12.1771
8.808326,12.29916
8.830057,12.27091
8.840923,12.16922
8.846356,12.10508
8.851788,12.03529
8.858703,11.9416
8.865617,11.84594
8.872532,11.75118
8.879446,11.65945
8.886361,11.57208
8.893275,11.48986
8.90019,11.41303
8.907104,11.34155
8.914019,11.27511
8.920933,11.21331
8.927848,11.15564
8.934762,11.10164
8.941677,11.05081
8.948591,11.00275
8.962419,10.91337
8.978224,10.81964
8.994028,10.73222
9.009832,10.64903
9.025636,10.56845
9.043416,10.4792
9.061196,10.38977
9.078976,10.29836
9.087866,10.25132
9.096756,10.20302
9.105646,10.15317
9.114536,10.10142
9.123426,10.0474
9.132316,9.990705
9.141206,9.93093
9.150096,9.86771
9.158986,9.800804
9.163431,9.76596
9.167875,9.730241
9.172321,9.693699
9.176766,9.656479
9.181211,9.618751
9.185656,9.580758
9.190101,9.54282
9.194546,9.505346
9.198991,9.468842
9.203436,9.433922
9.207881,9.401312
9.212326,9.371851
9.216771,9.346492
9.221216,9.326292
9.225661,9.312398
9.230106,9.306023
9.238996,9.320845
9.249368,9.39547
9.259739,9.543824
9.280482,10.07751
9.284433,10.21129
9.290595,10.4351
9.296756,10.67219
9.302917,10.91581
9.309078,11.1586
9.314,11.34689
9.321384,11.61121
9.328768,11.84381
9.335855,12.02887
9.342942,12.17112
9.357116,12.32008
9.37924,12.23514
9.390302,12.09426
9.395833,12.01042
9.401363,11.92155
9.406244,11.84091
9.411124,11.75977
9.416004,11.67933
9.420884,11.60056
9.425765,11.52419
9.430645,11.45077
9.435525,11.38067
9.440405,11.31406
9.445286,11.25103
9.450166,11.19156
9.455046,11.13555
9.459926,11.08285
9.464806,11.03326
9.469686,10.98659
9.474566,10.94261
9.479446,10.90111
9.484652,10.85934
9.489858,10.81992
9.500269,10.74723
9.51068,10.68148
9.521091,10.62142
9.531502,10.56603
9.541913,10.51452
9.552324,10.46626
9.562735,10.42074
9.583557,10.33637
9.604379,10.25891
9.625201,10.18665
9.646023,10.11832
9.677257,10.02113
9.70849,9.928168
9.729313,9.867574
9.750135,9.807527
9.791779,9.68739
9.817807,9.611157
9.843835,9.533128
9.869863,9.452454
9.89589,9.368147
9.921918,9.279027
9.947945,9.183701
9.973973,9.080435
10,8.967002
10.01922,8.875001
10.03843,8.774346
10.05764,8.663005
10.06725,8.602522
10.07685,8.538419
10.08646,8.470129
10.09607,8.397239
10.10568,8.319237
10.11528,8.235704
10.12489,8.146024
10.13449,8.050131
10.1441,7.947964
10.1537,7.84058
10.15851,7.785342
10.16331,7.729759
10.16811,7.674247
10.17291,7.619485
10.17772,7.566225
10.18252,7.515748
10.18732,7.469221
10.19212,7.428159
10.19693,7.394264
10.20173,7.369695
10.20653,7.356627
10.21133,7.357534
10.21614,7.375124
10.22094,7.41211
10.23054,7.555627
10.24071,7.828686
10.25088,8.246193
10.26105,8.817906
10.27122,9.53803
10.28038,10.29385
10.28953,11.11868
10.29868,11.97231
10.30783,12.80753
10.314,13.33599
10.32172,13.93367
10.32944,14.43962
10.33986,14.94863
10.35028,15.24125
10.3607,15.32238
10.37112,15.21787
10.38531,14.85002
10.3924,14.60111
10.39949,14.32744
10.40659,14.04083
10.41368,13.75235
10.42077,13.46965
10.42786,13.19867
10.43445,12.96078
10.44103,12.73863
10.44762,12.53236
10.4542,12.34266
10.46079,12.16841
10.46737,12.00923
10.47396,11.86351
10.48054,11.73046
10.48713,11.6084
10.49371,11.49653
10.5003,11.39336
10.50688,11.29819
10.51347,11.20983
10.52005,11.12773
10.53322,10.97909
10.54437,10.86688
10.55551,10.76494
10.56666,10.67141
10.5778,10.58512
10.58895,10.50482
10.60009,10.42978
10.62237,10.29239
10.64466,10.16821
10.66695,10.05381
10.68924,9.946394
10.70038,9.894566
10.71152,9.843609
10.72773,9.770539
10.73584,9.734315
10.74394,9.698315
10.75509,9.649097
10.76623,9.600532
10.77738,9.553009
10.78852,9.507362
10.79967,9.464498
10.81081,9.425606
10.8331,9.363408
10.84525,9.339186
10.8574,9.320948
10.8672,9.309265
10.877,9.298721
10.8868,9.287657
10.8966,9.274439
10.90647,9.25753
10.91633,9.23601
10.93606,9.177369
10.94874,9.129202
10.96142,9.074278
10.9741,9.014126
10.98044,8.982523
10.98678,8.950084
10.99806,8.89058
11.00581,8.848491
11.01356,8.805438
11.02131,8.761371
11.02906,8.716189
11.03681,8.66975
11.04456,8.621878
11.05231,8.57237
11.06005,8.521072
11.0678,8.467619
11.07555,8.411847
11.0833,8.353542
11.09105,8.292542
11.0988,8.228773
11.10655,8.162312
11.1143,8.093473
11.12204,8.023005
11.12698,7.977628
11.13191,7.932515
11.13684,7.888116
11.14177,7.845109
11.14671,7.804249
11.15164,7.766703
11.15657,7.733563
11.1615,7.706184
11.16644,7.686069
11.17137,7.674994
11.1763,7.674745
11.18123,7.687257
11.19109,7.758516
11.20095,7.904159
11.21082,8.137213
11.22068,8.464463
11.2404,9.388101
11.24786,9.810393
11.25532,10.25438
11.26278,10.70456
11.27024,11.14409
11.278,11.57181
11.28835,12.06577
11.29616,12.36211
11.30396,12.58174
11.31176,12.72076
11.31956,12.77986
11.3419,12.56786
11.35307,12.30965
11.36423,11.99899
11.37391,11.71217
11.37875,11.56847
11.38359,11.42683
11.38843,11.28855
11.39327,11.15464
11.39811,11.02583
11.40294,10.90287
11.40778,10.78553
11.41262,10.67418
11.41746,10.56878
11.4223,10.46917
11.42714,10.37512
11.43198,10.28632
11.43682,10.20242
11.44165,10.12323
11.44761,10.03118
11.45357,9.944749
11.45953,9.863258
11.46548,9.786197
11.47739,9.642518
11.4893,9.509544
11.50122,9.383692
11.51313,9.262289
11.52504,9.142898
11.531,9.083351
11.53695,9.023846
11.54254,8.967834
11.54812,8.911845
11.55371,8.855791
11.55929,8.800087
11.56488,8.74487
11.57046,8.690812
11.57605,8.638344
11.58163,8.588442
11.58722,8.541875
11.5928,8.499917
11.59839,8.463661
11.60397,8.43459
11.60956,8.414015
11.61514,8.403429
11.6263,8.417349
11.64417,8.553106
11.65311,8.675545
11.66204,8.830104
11.67395,9.073535
11.68266,9.265549
11.69137,9.456508
11.693,9.491158
11.69792,9.59223
11.70283,9.686315
11.71146,9.830018
11.72008,9.939708
11.72823,10.00811
11.73638,10.04093
11.75267,10.00686
11.76237,9.934348
11.77207,9.834176
11.78177,9.716072
11.78662,9.653096
11.79147,9.588803
11.79632,9.52402
11.80117,9.459444
11.80602,9.395647
11.81087,9.333075
11.81572,9.272064
11.82057,9.212846
11.82542,9.155562
11.83026,9.10039
11.83647,9.032517
11.84268,8.967814
11.84889,8.906078
11.85509,8.847136
11.8613,8.7905
11.86751,8.735954
11.87992,8.631976
11.88807,8.566421
11.89622,8.502318
11.91252,8.376341
11.92067,8.313527
11.92882,8.250281
11.93697,8.186255
11.94511,8.121254
11.95326,8.054941
11.96141,7.987363
11.96956,7.918691
11.9777,7.849472
11.98585,7.780365
11.994,7.712753
12.00215,7.648479
12.01029,7.590046
12.01767,7.54456
12.02504,7.508931
12.03241,7.485926
12.03978,7.47846
12.05453,7.520939
12.06927,7.652238
12.08169,7.833326
12.0941,8.068144
12.10108,8.216444
12.10805,8.370217
12.11503,8.524479
12.122,8.673175
12.12898,8.811271
12.13595,8.933428
12.14342,9.042211
12.15089,9.124462
12.16583,9.202342
12.18965,9.103688
12.20156,8.977983
12.21347,8.82317
12.22153,8.709703
12.22958,8.593956
12.23764,8.478684
12.24569,8.366368
12.25375,8.258159
12.2618,8.155105
12.26986,8.057221
12.27791,7.964648
12.28597,7.876815
12.29402,7.793458
12.30208,7.713824
12.31013,7.637562
12.32624,7.492725
12.34235,7.355369
12.35777,7.228373
12.37318,7.104031
12.404,6.85809
12.43482,6.610143
12.46564,6.3556
12.49646,6.091644
12.51187,5.955739
12.52728,5.817305
12.54269,5.6767
12.5581,5.534643
12.57351,5.392417
12.58892,5.252194
12.60293,5.129481
12.61694,5.015959
12.63095,4.919201
12.64496,4.852205
12.65197,4.836436
12.65897,4.837837
12.66598,4.862125
12.67298,4.916835
12.67999,5.012235
12.68699,5.161355
12.694,5.382005
12.701,5.695916
12.70626,6.010194
12.71151,6.406895
12.71677,6.904556
12.72202,7.520889
12.72728,8.280627
12.73253,9.205939
12.73778,10.32575
12.74303,11.66999
12.74829,13.27377
12.75354,15.16393
12.7588,17.38095
12.76405,19.94859
12.76931,22.90648
12.77456,26.26912
12.77981,30.06162
12.78506,34.29609
12.79487,43.39295
12.80467,53.92435
12.81448,65.64412
12.82428,78.07829
12.83969,97.56534
12.8474,106.4989
12.8551,114.3666
12.86605,123.0568
12.877,128.1128
12.87939,128.6826
12.88632,129.2176
12.89325,128.1048
12.90018,125.4193
12.90711,121.3003
12.9172,113.1452
12.92729,103.0915
12.94747,80.43536
12.95573,71.23126
12.96398,62.53168
12.97224,54.5187
12.98049,47.33968
12.98875,41.04001
12.997,35.64652
13.00525,31.12732
13.00938,29.18014
13.0135,27.43891
13.02084,24.81508
13.02818,22.77574
13.03369,21.6119
13.03919,20.75377
13.04469,20.19212
13.05019,19.92201
13.05616,19.95457
13.06212,20.32138
13.06808,21.01739
13.07404,22.03543
13.08001,23.36686
13.08597,24.99068
13.09789,29.02155
13.10982,33.85839
13.12174,39.09881
13.1316,43.40051
13.14145,47.36066
13.152,50.92406
13.15992,52.97859
13.16893,54.55763
13.17794,55.27735
13.18695,55.14492
13.19596,54.22609
13.20739,52.10953
13.21882,49.21026
13.23025,45.85287
13.24167,42.34173
13.25215,39.19103
13.25739,37.68699
13.26263,36.24703
13.26787,34.87957
13.27311,33.59015
13.27835,32.38174
13.28358,31.25723
13.28882,30.21134
13.29406,29.24389
13.2993,28.35142
13.30453,27.53118
13.30977,26.77533
13.31501,26.08055
13.32025,25.44181
13.32548,24.85524
13.3312,24.26643
13.33691,23.72798
13.34263,23.23265
13.34834,22.77735
13.35977,21.96662
13.3712,21.26667
13.38263,20.65502
13.39406,20.11452
13.40549,19.63219
13.41691,19.19843
13.42834,18.8048
13.43977,18.44567
13.46262,17.81275
13.48548,17.27024
13.50833,16.79866
13.5331,16.3508
13.55786,15.9562
13.58262,15.60497
13.60738,15.28976
13.63214,15.00485
13.6569,14.74568
13.70642,14.29058
13.75594,13.90249
13.80546,13.56574
13.85498,13.26834
13.9045,13.00204
13.98069,12.64038
14.05688,12.32324
14.13307,12.03873
14.20925,11.77794
14.30068,11.48629
14.3921,11.20831
14.45686,11.01447
14.52162,10.81931
14.58638,10.61902
14.65114,10.40912
14.7159,10.18409
14.74828,10.06365
14.78066,9.936215
14.81304,9.800041
14.84542,9.65298
14.8778,9.492243
14.89399,9.405581
14.91018,9.313897
14.92923,9.19853
14.94828,9.073685
14.95781,9.007219
14.96733,8.937958
14.97685,8.865767
14.98637,8.790689
14.9959,8.712839
15.00542,8.632786
15.01494,8.551106
15.02446,8.468735
15.03399,8.386805
15.04351,8.306942
15.05303,8.230663
15.06255,8.159569
15.07589,8.071292
15.08922,7.998329
15.10256,7.940223
15.11589,7.893247
15.1235,7.868723
15.13325,7.836324
15.143,7.798988
15.15763,7.724764
15.16725,7.659239
15.17686,7.578342
15.18648,7.482093
15.19609,7.373335
15.20281,7.292699
15.20952,7.211717
15.21876,7.106956
15.22799,7.023005
15.23261,6.99434
15.23723,6.978193
15.24185,6.97768
15.24646,6.996193
15.25108,7.037593
15.2557,7.105977
15.26493,7.341286
15.27416,7.740276
15.28339,8.343342
15.28885,8.812478
15.29431,9.374696
15.29977,10.03677
15.30522,10.80274
15.31613,12.66523
15.32704,14.96759
15.33544,17.01885
15.34383,19.27179
15.36062,24.16681
15.37043,27.07307
15.38023,29.83964
15.39012,32.34939
15.4,34.44248
15.40848,35.8287
15.41723,36.81178
15.42598,37.31888
15.43473,37.35526
15.44347,36.95246
15.45465,35.88223
15.46582,34.32578
15.477,32.44287
15.48817,30.39649
15.49786,28.59638
15.50754,26.85204
15.51723,25.21288
15.52691,23.71604
15.53176,23.02477
15.5366,22.37527
15.54144,21.76608
15.54628,21.19658
15.55113,20.66463
15.55597,20.17091
15.56081,19.71249
15.56565,19.28741
15.57087,18.86388
15.57608,18.47466
15.5813,18.11555
15.58651,17.78529
15.59173,17.48007
15.59694,17.19868
15.60737,16.69637
15.6178,16.26265
15.62823,15.88457
15.63866,15.55168
15.64909,15.25571
15.65952,14.99013
15.66995,14.74979
15.68038,14.53063
15.69081,14.32939
15.71167,13.97072
15.73253,13.65802
15.75637,13.34305
15.78021,13.06225
15.7981,12.86874
15.81598,12.68685
15.83386,12.51403
15.85174,12.34814
15.87409,12.14758
15.89644,11.95124
15.91879,11.7556
15.92997,11.65689
15.94114,11.55708
15.95232,11.45555
15.96349,11.35208
15.97467,11.24615
15.98584,11.13784
15.99702,11.02718
16.00819,10.91519
16.01378,10.85909
16.01937,10.80338
16.02496,10.74848
16.03054,10.69503
16.03576,10.64686
16.04097,10.6012
16.04619,10.55869
16.0514,10.5204
16.05662,10.48725
16.06183,10.46056
16.06705,10.4416
16.07226,10.4319
16.07748,10.43304
16.08269,10.44673
16.09312,10.51897
16.10355,10.66316
16.11398,10.89293
16.12441,11.21906
16.13484,11.64738
16.1557,12.79707
16.17214,13.91074
16.18036,14.49896
16.18857,15.08379
16.19929,15.81159
16.21,16.45988
16.22225,17.05844
16.23043,17.35408
16.23861,17.55804
16.25497,17.68644
16.26904,17.52274
16.28311,17.15816
16.29718,16.65787
16.31124,16.088
16.32339,15.58232
16.32947,15.33399
16.33554,15.0926
16.34162,14.85919
16.34769,14.63581
16.35377,14.42253
16.35984,14.22046
16.36592,14.02898
16.37199,13.8485
16.37807,13.67802
16.38414,13.51754
16.39022,13.36589
16.39629,13.22293
16.40237,13.08754
16.40844,12.9596
16.41612,12.80735
16.42379,12.6654
16.43146,12.53327
16.43913,12.4111
16.44873,12.27321
16.45832,12.15425
16.46791,12.05726
16.4775,11.98623
16.4871,11.9455
16.49669,11.93937
16.51587,12.04319
16.53377,12.2829
16.54272,12.44837
16.55167,12.63696
16.55423,12.69411
16.56068,12.84238
16.56712,12.99374
16.58,13.29206
16.59358,13.57438
16.60684,13.7917
16.6201,13.93377
16.64331,13.98783
16.66651,13.83427
16.67751,13.71436
16.6885,13.57857
16.694,13.50754
16.69949,13.43592
16.70499,13.3643
16.71048,13.29366
16.71598,13.22433
16.72148,13.1569
16.72698,13.09172
16.73247,13.02915
16.73797,12.96912
16.74346,12.91193
16.74896,12.85738
16.75445,12.80564
16.76178,12.74065
16.76911,12.68008
16.77644,12.62363
16.78377,12.57096
16.7911,12.52172
16.79843,12.47557
16.81309,12.39132
16.82775,12.31602
16.84241,12.2479
16.85707,12.18561
16.87172,12.12816
16.90104,12.02459
16.93035,11.93277
16.95967,11.84973
16.98898,11.77358
17.02807,11.68034
17.06716,11.59449
17.10625,11.51434
17.14533,11.43857
17.18442,11.36608
17.22351,11.29597
17.2626,11.22742
17.30168,11.15963
17.34077,11.09175
17.37986,11.02288
17.41895,10.95196
17.45803,10.87763
17.49712,10.79799
17.51667,10.75537
17.53621,10.71032
17.55576,10.66221
17.5753,10.61035
17.59484,10.55374
17.60461,10.52328
17.61438,10.49115
17.63026,10.43485
17.6382,10.40458
17.64614,10.37276
17.65408,10.3393
17.66202,10.30418
17.66996,10.26738
17.6779,10.22901
17.68584,10.18926
17.69378,10.14846
17.70172,10.10715
17.70966,10.06606
17.7176,10.0262
17.72554,9.988861
17.73348,9.955626
17.74142,9.928388
17.74936,9.909307
17.7573,9.900753
17.76524,9.905212
17.77318,9.925163
17.78906,10.02044
17.80494,10.19983
17.82204,10.48907
17.83913,10.86039
17.85325,11.20276
17.86737,11.5465
17.87,11.60816
17.87792,11.78564
17.88583,11.94683
17.89592,12.12255
17.90601,12.25888
17.9161,12.35222
17.92618,12.40192
17.95541,12.32893
17.97002,12.20361
17.97733,12.12766
17.98463,12.04629
17.99243,11.9557
18.00022,11.86379
18.00802,11.77231
18.01581,11.68317
18.02361,11.59748
18.0314,11.51657
18.03919,11.44121
18.04698,11.37216
18.05478,11.30996
18.06257,11.25531
18.07037,11.20853
18.07816,11.17014
18.09375,11.11931
18.10933,11.10337
18.12492,11.11978
18.1405,11.16234
18.15025,11.19812
18.16,11.23759
18.16975,11.27782
18.1795,11.31594
18.1938,11.36282
18.2081,11.39379
18.2354,11.40027
18.24905,11.3795
18.26269,11.34676
18.27179,11.32014
18.28089,11.29103
18.28999,11.26044
18.29909,11.22923
18.30819,11.19812
18.31729,11.16763
18.32639,11.13813
18.33548,11.10989
18.34458,11.08296
18.35368,11.05741
18.36278,11.0332
18.37187,11.0103
18.38097,10.98856
18.39007,10.96791
18.40826,10.92946
18.43036,10.88694
18.45245,10.84801
18.47455,10.81182
18.49664,10.77782
18.54083,10.7147
18.58502,10.6563
18.62921,10.60115
18.6734,10.54824
18.71759,10.49674
18.76177,10.44602
18.81636,10.38358
18.87095,10.3205
18.92554,10.25569
18.98013,10.18786
19.03472,10.11542
19.06202,10.0768
19.08931,10.03613
19.11661,9.992922
19.1439,9.946577
19.17119,9.896267
19.19848,9.840884
19.21928,9.794334
19.24007,9.743056
19.25047,9.715258
19.26087,9.685796
19.27127,9.654473
19.28166,9.621115
19.29206,9.585453
19.30246,9.547342
19.31286,9.506667
19.32325,9.463478
19.32845,9.440957
19.33365,9.417892
19.33885,9.394353
19.34405,9.370438
19.34925,9.346271
19.35445,9.32201
19.35965,9.297849
19.36484,9.274069
19.37004,9.250855
19.37524,9.228575
19.38044,9.2076
19.38564,9.188347
19.39084,9.171278
19.39604,9.1569
19.40643,9.138438
19.41683,9.137609
19.42723,9.159305
19.43763,9.208133
19.44802,9.287811
19.47401,9.633413
19.48701,9.879334
19.50001,10.16047
19.51378,10.47763
19.52755,10.79068
19.53,10.84401
19.5398,11.04529
19.5447,11.137
19.55949,11.3677
19.57427,11.51776
19.58797,11.58065
19.60716,11.5556
19.62634,11.42865
19.63731,11.32616
19.64827,11.21153
19.65513,11.1365
19.66198,11.06068
19.66883,10.98506
19.67568,10.91052
19.68253,10.83774
19.68938,10.76718
19.69623,10.69917
19.70308,10.63385
19.70994,10.5712
19.71679,10.51136
19.72364,10.45413
19.73049,10.39938
19.73734,10.34697
19.74419,10.29678
19.75104,10.24869
19.75789,10.20263
19.76475,10.15855
19.7716,10.11662
19.77845,10.07691
19.7853,10.0396
19.79215,10.00497
19.799,9.973356
19.80585,9.945138
19.8127,9.920747
19.82709,9.883982
19.84148,9.870089
19.87026,9.920449
19.88396,9.979778
19.89766,10.05659
19.90883,10.12736
19.92,10.20057
19.92858,10.25545
19.93715,10.30676
19.94626,10.35536
19.95537,10.39599
19.97358,10.44835
20,10.45198
20.013,10.42621
20.02599,10.38704
20.03898,10.33856
20.04548,10.31203
20.05197,10.28462
20.05847,10.25662
20.06497,10.2284
20.07147,10.20024
20.07796,10.17241
20.08446,10.14499
20.09095,10.11821
20.09745,10.09206
20.10394,10.06669
20.11415,10.02831
20.12436,9.991806
20.13457,9.957073
20.14477,9.923991
20.15498,9.892311
20.16519,9.861881
20.1856,9.804084
20.20602,9.749278
20.22643,9.696529
20.24684,9.645056
20.26725,9.594282
20.30808,9.493036
20.34891,9.38987
20.38974,9.282332
20.43057,9.168037
20.4714,9.044371
20.51223,8.90821
20.55306,8.755571
20.57347,8.67149
20.59388,8.581131
20.61987,8.455325
20.64585,8.314997
20.65884,8.238307
20.67183,8.156583
20.68482,8.06924
20.69781,7.975662
20.71081,7.875164
20.7238,7.767412
20.73679,7.652114
20.74978,7.529595
20.75628,7.465915
20.76277,7.401088
20.76927,7.335292
20.77576,7.269232
20.78226,7.203348
20.78875,7.138649
20.79525,7.075917
20.80174,7.016516
20.80731,6.969147
20.81288,6.92614
20.81845,6.888578
20.82401,6.857688
20.83515,6.820746
20.84628,6.826083
20.85742,6.884641
20.86855,7.006373
20.87969,7.199467
20.89082,7.468187
20.91124,8.155809
20.93165,9.05663
20.94588,9.770431
20.9601,10.52225
20.97,11.058
20.9799,11.60138
21.01394,13.60329
21.03462,15.05875
21.05358,16.64053
21.07253,18.4295
21.08632,19.78217
21.1001,21.07711
21.11005,21.91788
21.12,22.63575
21.12747,23.07334
21.14341,23.66349
21.15934,23.74594
21.18016,23.12682
21.20097,21.87887
21.21901,20.51686
21.22803,19.8029
21.23705,19.09465
21.24607,18.40846
21.25509,17.75681
21.26411,17.14832
21.27313,16.58811
21.28285,16.04087
21.29256,15.55217
21.30228,15.1182
21.31199,14.7355
21.32171,14.39811
21.33142,14.10123
21.34113,13.83915
21.35084,13.60686
21.36056,13.39968
21.37027,13.21415
21.37999,13.04653
21.3897,12.89437
21.39942,12.75504
21.40913,12.62689
21.42855,12.39766
21.45076,12.16993
21.47296,11.96973
21.49517,11.79007
21.51737,11.62611
21.53958,11.47382
21.56178,11.33006
21.58398,11.19186
21.60618,11.0564
21.62561,10.93794
21.63533,10.87813
21.64504,10.81778
21.65476,10.75663
21.66447,10.69477
21.67418,10.63221
21.68389,10.56916
21.69361,10.50598
21.70332,10.44348
21.71303,10.38255
21.72274,10.32444
21.73246,10.2707
21.74217,10.2233
21.75188,10.18429
21.76159,10.15587
21.76853,10.14328
21.77547,10.13796
21.78241,10.14056
21.78935,10.15159
21.79629,10.17141
21.80323,10.20015
21.81017,10.23773
21.8171,10.28374
21.82404,10.3377
21.83098,10.39872
21.83792,10.46571
21.84485,10.53726
21.85114,10.60504
21.85743,10.67429
21.86372,10.74382
21.87,10.81231
21.87735,10.88973
21.8847,10.96258
21.893,11.03746
21.90129,11.10277
21.91787,11.20077
21.95556,11.26456
21.97283,11.23982
21.98147,11.22036
21.9901,11.19798
22.00005,11.16978
22.01,11.13996
22.01871,11.11289
22.02742,11.08497
22.03941,11.04482
22.0514,11.00197
22.06323,10.95625
22.07505,10.90654
22.08688,10.85248
22.0987,10.79432
22.10945,10.73821
22.1202,10.67962
22.13095,10.61919
22.1417,10.55756
22.15245,10.49534
22.15783,10.46412
22.1632,10.43299
22.16858,10.40186
22.17395,10.37088
22.17933,10.33995
22.1847,10.30921
22.19115,10.27246
22.1976,10.23589
22.20405,10.19949
22.2105,10.16323
22.21615,10.13155
22.22179,10.09997
22.22744,10.06834
22.23308,10.03673
22.23873,10.005
22.24437,9.973194
22.25565,9.909037
22.26694,9.843749
22.27823,9.776959
22.28952,9.708215
22.3008,9.637107
22.31209,9.563009
22.32338,9.485472
22.33467,9.403986
22.34595,9.318163
22.35724,9.227482
22.36853,9.131846
22.37982,9.031413
22.38546,8.979628
22.3911,8.926946
22.39755,8.865861
22.404,8.804264
22.41045,8.742675
22.4169,8.681749
22.42335,8.622292
22.4298,8.56527
22.43625,8.51182
22.4427,8.463249
22.44915,8.421031
22.4556,8.386792
22.46205,8.362291
22.4685,8.349385
22.4814,8.366018
22.4943,8.451688
22.5072,8.619336
22.5201,8.877498
22.5459,9.664712
22.5674,10.53934
22.58001,11.09922
22.59262,11.66039
22.6,11.97869
22.61232,12.47822
22.62859,13.05388
22.64485,13.51835
22.67629,14.13506
22.71088,14.55714
22.74,14.79753
22.74985,14.84774
22.76783,14.87956
22.7858,14.81767
22.8119,14.55222
22.82495,14.35303
22.838,14.12319
22.85105,13.87506
22.8641,13.62069
22.87063,13.49439
22.87715,13.37043
22.88368,13.24935
22.8902,13.13225
22.89673,13.01934
22.90325,12.91138
22.90978,12.80831
22.9163,12.71058
22.92283,12.61792
22.92935,12.53054
22.93588,12.44805
22.9424,12.3705
22.94893,12.29741
22.95545,12.22876
22.96198,12.16404
22.9685,12.10317
22.98155,11.99152
22.9946,11.89168
23.00765,11.80177
23.0207,11.72019
23.03375,11.64561
23.04679,11.57702
23.07126,11.46134
23.09573,11.35922
23.1202,11.26768
23.14466,11.18465
23.16913,11.10849
23.1936,11.03804
23.21807,10.97236
23.24253,10.91071
23.29147,10.79698
23.3404,10.6931
23.38934,10.59636
23.43827,10.50479
23.49047,10.41096
23.54266,10.31948
23.60139,10.21746
23.66011,10.11443
23.71883,10.00819
23.77755,9.896306
23.80691,9.83734
23.83627,9.775779
23.86563,9.711093
23.89499,9.642638
23.92435,9.569624
23.95371,9.491075
23.98307,9.405786
24.01243,9.312246
24.03853,9.220604
24.06463,9.119145
24.09073,9.005565
24.10378,8.943322
24.11683,8.876862
24.12988,8.805689
24.14293,8.729279
24.15598,8.647123
24.16903,8.558806
24.18208,8.464151
24.18861,8.414469
24.19513,8.363441
24.20166,8.311074
24.20818,8.257771
24.2147,8.203796
24.22122,8.149606
24.22816,8.092366
24.23509,8.036571
24.24202,7.983306
24.24895,7.934009
24.25589,7.890368
24.26282,7.854584
24.26975,7.829002
24.27668,7.816386
24.28362,7.819853
24.29055,7.842804
24.29748,7.888898
24.30441,7.961986
24.31135,8.066184
24.31828,8.205106
24.33214,8.602085
24.34682,9.217774
24.3615,10.04921
24.37618,11.09044
24.39086,12.30906
24.40065,13.19179
24.41451,14.48446
24.42837,15.75554
24.43919,16.67875
24.45,17.49906
24.4575,17.99079
24.46608,18.46259
24.47466,18.82848
24.49181,19.22479
24.5118,19.14153
24.53179,18.57549
24.55087,17.73933
24.56041,17.26324
24.56995,16.77258
24.57949,16.28259
24.58903,15.80567
24.59857,15.35127
24.60811,14.92597
24.61765,14.53375
24.62719,14.17641
24.63673,13.85397
24.64627,13.56513
24.65581,13.30767
24.66535,13.07885
24.67489,12.87568
24.68443,12.69513
24.69397,12.5343
24.70351,12.39051
24.71305,12.26137
24.72259,12.14479
24.73213,12.03897
24.74167,11.94236
24.75121,11.85369
24.76075,11.77185
24.77893,11.63171
24.7971,11.50842
24.81527,11.39839
24.83344,11.29902
24.85162,11.20833
24.86979,11.12491
24.88796,11.04753
24.90613,10.97523
24.94248,10.84281
24.97882,10.72275
25.01516,10.61116
25.0515,10.50478
25.08058,10.42128
25.10512,10.3505
25.12965,10.27813
25.14192,10.24086
25.15418,10.20265
25.16645,10.16326
25.17871,10.12257
25.19098,10.08044
25.20325,10.03691
25.20939,10.01465
25.21552,9.992166
25.22165,9.969491
25.22778,9.946707
25.23392,9.923888
25.24005,9.901242
25.24618,9.878896
25.25231,9.857044
25.25845,9.835874
25.26458,9.815711
25.27684,9.779457
25.28411,9.761375
25.29137,9.746573
25.29955,9.734552
25.30773,9.728305
25.32408,9.736372
25.35679,9.850045
25.37497,9.970045
25.39314,10.12065
25.40657,10.24264
25.42,10.36507
25.4347,10.49005
25.45088,10.60562
25.46706,10.68897
25.49299,10.74488
25.51892,10.71198
25.53189,10.67016
25.54485,10.61704
25.55782,10.55665
25.5643,10.52493
25.57078,10.49271
25.57727,10.46028
25.58375,10.42803
25.59023,10.39615
25.59671,10.36484
25.60319,10.33424
25.60967,10.30446
25.61615,10.27558
25.62263,10.24765
25.62912,10.22065
25.6356,10.19464
25.64208,10.16958
25.64856,10.14543
25.66153,10.09966
25.67449,10.057
25.68746,10.01696
25.70042,9.979189
25.71338,9.94327
25.72634,9.908876
25.75227,9.843554
25.7782,9.781496
25.80413,9.721455
25.83005,9.662532
25.86819,9.57631
25.90632,9.488925
25.94445,9.398379
25.96352,9.351202
25.98258,9.302353
26.00165,9.251435
26.02071,9.198208
26.03025,9.170637
26.03978,9.142479
26.04931,9.113741
26.05884,9.08449
26.06838,9.054802
26.07791,9.024888
26.08744,8.994916
26.09697,8.965134
26.10651,8.935801
26.11604,8.907308
26.1351,8.85416
26.16713,8.782569
26.18314,8.757101
26.19915,8.738274
26.20983,8.728681
26.2205,8.720644
26.23025,8.713883
26.24,8.706875
26.24975,8.698797
26.2595,8.688831
26.27052,8.674333
26.28153,8.655504
26.30356,8.602014
26.32559,8.525258
26.34761,8.425807
26.36781,8.317063
26.37791,8.257344
26.388,8.194607
26.3981,8.129062
26.40819,8.061158
26.41829,7.991084
26.42838,7.919346
26.43848,7.846272
26.44857,7.772665
26.45867,7.699344
26.46876,7.627872
26.47886,7.560177
26.48895,7.499343
26.49905,7.449377
26.50914,7.41599
26.51603,7.406424
26.52291,7.41091
26.5298,7.432922
26.53668,7.476409
26.54357,7.546109
26.55045,7.647024
26.55733,7.785024
26.56421,7.966453
26.5711,8.198518
26.57798,8.487764
26.58487,8.842505
26.59175,9.269218
26.59864,9.776484
26.60552,10.36971
26.6124,11.05568
26.61928,11.83942
26.63397,13.85438
26.64865,16.33235
26.66058,18.65888
26.67251,21.21119
26.69637,26.65826
26.71014,29.73293
26.7239,32.51834
26.73695,34.72725
26.75,36.38
26.75515,36.85739
26.76956,37.62839
26.78396,37.55895
26.80399,36.18062
26.82402,33.63925
26.84183,30.79012
26.85963,27.74717
26.86853,26.24572
26.87743,24.79683
26.88633,23.42232
26.89523,22.13788
26.90302,21.09555
26.91081,20.1334
26.9186,19.2523
26.92639,18.45096
26.93418,17.7264
26.94197,17.07434
26.94976,16.48966
26.95754,15.96732
26.96533,15.5001
26.97312,15.08284
26.98091,14.70984
26.9887,14.37574
26.99649,14.07558
27.00428,13.80487
27.01207,13.55955
27.01985,13.33635
27.03098,13.04879
27.04211,12.79179
27.05324,12.55912
27.06436,12.34594
27.07549,12.14787
27.08662,11.96192
27.09775,11.78559
27.10887,11.61713
27.11722,11.49489
27.12556,11.37602
27.13391,11.26008
27.14225,11.14739
27.1506,11.03794
27.15894,10.93252
27.16729,10.83167
27.17563,10.7367
27.18398,10.64876
27.19232,10.56975
27.20067,10.50142
27.20901,10.44616
27.21736,10.40622
27.2257,10.38422
27.23405,10.38262
27.24239,10.40383
27.25686,10.50085
27.27132,10.68054
27.30025,11.28837
27.3136,11.6629
27.32695,12.07478
27.33979,12.48539
27.35262,12.88741
27.36,13.10618
27.37232,13.43805
27.38649,13.75055
27.40065,13.97247
27.42159,14.11972
27.44253,14.06235
27.46348,13.84346
27.47395,13.69218
27.48442,13.52339
27.49489,13.34431
27.50536,13.1613
27.51583,12.97958
27.5263,12.80326
27.53219,12.70759
27.53808,12.61494
27.54397,12.5256
27.54986,12.43976
27.55575,12.35752
27.56164,12.27895
27.56753,12.20402
27.57342,12.13267
27.57931,12.06482
27.5852,12.00034
27.59109,11.93908
27.59698,11.88088
27.60876,11.77297
27.62054,11.67523
27.63232,11.5863
27.6441,11.50493
27.65588,11.43002
27.66766,11.36063
27.67944,11.29595
27.69122,11.2353
27.71478,11.12399
27.73311,11.04483
27.75143,10.97092
27.78808,10.83527
27.82473,10.7118
27.86138,10.59702
27.89803,10.48844
27.93468,10.38414
27.97133,10.28256
28.00797,10.18239
28.05509,10.05359
28.10221,9.922387
28.14933,9.786029
28.19645,9.641337
28.24357,9.484341
28.26713,9.399627
28.29069,9.309662
28.31425,9.213391
28.33781,9.109518
28.36137,8.996444
28.38493,8.872214
28.40719,8.742536
28.41832,8.672575
28.42944,8.598979
28.44057,8.521482
28.45169,8.440228
28.46282,8.355296
28.47394,8.267403
28.48507,8.177438
28.4962,8.087203
28.50733,7.999311
28.51289,7.957398
28.51845,7.917567
28.52402,7.880435
28.52958,7.846913
28.53514,7.817809
28.5407,7.794109
28.54627,7.776878
28.55183,7.767377
28.55739,7.766867
28.56295,7.77674
28.57342,7.828759
28.58389,7.933324
28.59436,8.101235
28.60483,8.342984
28.6153,8.667919
28.62577,9.0833
28.64671,10.19806
28.66504,11.46798
28.68336,12.94598
28.68859,13.3916
28.70299,14.63342
28.71739,15.83839
28.7287,16.70944
28.74,17.4758
28.7475,17.91249
28.75985,18.48604
28.7722,18.8617
28.78236,19.01689
28.79252,19.03587
28.81284,18.70375
28.83011,18.10969
28.84738,17.32792
28.86465,16.45322
28.87328,16.00747
28.88191,15.56737
28.89055,15.13911
28.89918,14.72885
28.90782,14.33938
28.91645,13.97396
28.92509,13.63297
28.93372,13.31743
28.94235,13.02636
28.95098,12.75863
28.95962,12.51239
28.96825,12.28638
28.97689,12.07812
28.98552,11.88611
28.99416,11.70798
29.00279,11.54234
29.01142,11.38736
29.02005,11.24163
29.02818,11.11173
29.03631,10.98822
29.04495,10.86335
29.05358,10.74484
29.06222,10.63238
29.07085,10.52654
29.07949,10.42778
29.08812,10.33744
29.09676,10.25683
29.10539,10.1881
29.11403,10.1335
29.12266,10.09595
29.1313,10.07852
29.13993,10.08467
29.14857,10.11802
29.1572,10.18208
29.16584,10.28043
29.17447,10.41588
29.18971,10.75288
29.20495,11.21934
29.23542,12.50452
29.25167,13.32238
29.26589,14.05969
29.2801,14.77078
29.29005,15.22931
29.3,15.63893
29.30747,15.90675
29.3245,16.36662
29.34152,16.59467
29.36158,16.56508
29.38164,16.25587
29.40017,15.78959
29.41869,15.22408
29.42795,14.92544
29.43721,14.62603
29.44647,14.33185
29.45573,14.0477
29.46577,13.75509
29.4758,13.48184
29.48583,13.22936
29.49586,12.99822
29.50589,12.78809
29.51592,12.59797
29.52595,12.42643
29.53598,12.27176
29.54602,12.13202
29.55605,12.00569
29.56608,11.89091
29.57611,11.78611
29.58614,11.68986
29.59617,11.60092
29.6062,11.51821
29.61623,11.44081
29.63167,11.33023
29.6471,11.2281
29.66254,11.13244
29.67797,11.04194
29.69341,10.9553
29.70884,10.87166
29.7397,10.70992
29.7644,10.58256
29.77675,10.5186
29.78909,10.45403
29.80144,10.38838
29.81379,10.32137
29.82614,10.25265
29.83848,10.18201
29.85083,10.10912
29.86318,10.03402
29.86936,9.995661
29.87553,9.956915
29.8817,9.917806
29.88787,9.878453
29.89405,9.838944
29.90022,9.799604
29.90639,9.760615
29.91256,9.722272
29.91874,9.68487
29.92491,9.648947
29.93108,9.614924
29.93725,9.583349
29.94304,9.556495
29.94883,9.532904
29.96041,9.498012
29.97199,9.484093
29.98356,9.497043
29.99514,9.54295
30.00671,9.627482
30.01829,9.75566
30.02986,9.930633
30.05455,10.46321
30.07924,11.1815
30.09159,11.58439
30.10707,12.09948
30.12254,12.59278
30.13,12.81267
30.13995,13.07951
30.15724,13.45221
30.17453,13.6885
30.19739,13.77977
30.22024,13.64607
30.24134,13.37667
30.25189,13.20868
30.26244,13.02823
30.27299,12.84182
30.28354,12.65499
30.29409,12.47219
30.30463,12.29695
30.31606,12.11793
30.32178,12.03321
30.32749,11.95205
30.33321,11.87421
30.33892,11.79998
30.34464,11.72905
30.35035,11.6616
30.35607,11.59729
30.36178,11.53622
30.37321,11.42279
30.38464,11.32006
30.39606,11.22682
30.40749,11.14162
30.41892,11.06339
30.43035,10.99105
30.44177,10.92376
30.4532,10.86058
30.46463,10.80092
30.48748,10.68998
30.51561,10.56446
30.54374,10.44679
30.57187,10.33354
30.6,10.22201
30.62814,10.10973
30.65627,9.994379
30.6844,9.873314
30.69847,9.809686
30.71253,9.743492
30.7266,9.674172
30.74066,9.601338
30.75473,9.524409
30.76879,9.44309
30.78286,9.357025
30.78989,9.312277
30.79692,9.266429
30.80396,9.219514
30.81099,9.171818
30.81802,9.123492
30.82505,9.074831
30.83253,9.023119
30.84,8.972123
30.84748,8.922448
30.85495,8.875134
30.86243,8.831147
30.8699,8.791885
30.87737,8.758766
30.88484,8.733465
30.89232,8.717827
30.89979,8.713922
30.90726,8.723881
30.91473,8.749952
30.92221,8.794488
30.92968,8.859619
30.94462,9.060116
30.95957,9.365752
30.97451,9.783839
31.0044,10.94153
31.01671,11.51621
31.02901,12.12185
31.04329,12.83391
31.05757,13.51789
31.07,14.05977
31.07995,14.44099
31.09534,14.91448
31.11072,15.226
31.13004,15.37638
31.14936,15.27651
31.18503,14.60859
31.20287,14.14483
31.21179,13.90212
31.2207,13.65917
31.22814,13.45885
31.23557,13.26319
31.243,13.07345
31.25043,12.8908
31.25787,12.71587
31.2653,12.5497
31.27273,12.39236
31.28016,12.24401
31.2876,12.10445
31.29503,11.97393
31.30246,11.85208
31.30989,11.73869
31.31732,11.63354
31.32475,11.53643
31.33218,11.44721
31.33961,11.36575
31.35002,11.26459
31.36042,11.17859
31.37083,11.10772
31.38123,11.05228
31.39164,11.01228
31.40204,10.98779
31.41244,10.97852
31.42284,10.98387
31.44068,11.02397
31.45851,11.0958
31.46446,11.12491
31.47723,11.19271
31.49,11.26344
31.50715,11.35391
31.52578,11.4342
31.5444,11.4851
31.57224,11.49564
31.60008,11.43243
31.61661,11.36863
31.63314,11.29247
31.64141,11.25155
31.64967,11.20967
31.65793,11.16735
31.66619,11.12507
31.67446,11.08319
31.68272,11.04213
31.69099,11.00205
31.69925,10.96322
31.70752,10.92566
31.71578,10.88953
31.72404,10.85481
31.7323,10.82149
31.741,10.78784
31.7497,10.75563
31.7584,10.72477
31.7671,10.69516
31.7845,10.63931
31.8019,10.58732
31.8193,10.53851
31.8367,10.49229
31.87149,10.40576
31.90629,10.32475
31.94109,10.24721
31.97589,10.17157
32.01068,10.09642
32.04026,10.03183
32.06984,9.965534
32.08463,9.931359
32.09942,9.89626
32.11421,9.860035
32.12899,9.8225
32.14378,9.783402
32.15857,9.742602
32.17336,9.700023
32.18076,9.678066
32.18815,9.65574
32.19555,9.633031
32.20294,9.610069
32.21034,9.586883
32.21773,9.563656
32.22513,9.540475
32.23252,9.517582
32.23991,9.49516
32.2473,9.473455
32.25861,9.442271
32.26992,9.414562
32.28123,9.391583
32.29254,9.374653
32.31516,9.364026
32.33777,9.390974
32.35865,9.451879
32.37953,9.543658
32.39693,9.636656
32.40847,9.702261
32.42,9.767651
32.43715,9.858439
32.45284,9.928166
32.46853,9.979695
32.49455,10.01712
32.52057,9.994178
32.53937,9.945976
32.55816,9.8786
32.56756,9.839877
32.57696,9.798899
32.58636,9.756387
32.59575,9.71301
32.60515,9.669192
32.61455,9.625388
32.62395,9.581905
32.63334,9.538999
32.64274,9.496711
32.65213,9.455188
32.66153,9.414347
32.67092,9.374234
32.68249,9.325637
32.69405,9.277823
32.70923,9.215795
32.72441,9.154144
32.73959,9.092338
32.75477,9.02985
32.76995,8.966171
32.78513,8.9008
32.80031,8.833239
32.81549,8.762989
32.83067,8.689548
32.84585,8.612431
32.86103,8.531212
32.87621,8.445599
32.89139,8.355584
32.89898,8.309054
32.90657,8.261665
32.91416,8.213614
32.92175,8.165177
32.92934,8.116728
32.93693,8.068755
32.94489,8.01964
32.95284,7.972705
32.96079,7.929007
32.96874,7.889908
32.97669,7.857029
32.98464,7.832271
32.99259,7.817815
33.00054,7.816125
33.0085,7.829954
33.01645,7.862225
33.0244,7.916079
33.03235,7.994753
33.0403,8.101503
33.04825,8.239488
33.06415,8.620539
33.08006,9.156484
33.09596,9.854167
33.11186,10.70632
33.12776,11.68741
33.14222,12.65488
33.15812,13.74658
33.17402,14.80019
33.18701,15.58255
33.2,16.25516
33.20758,16.58463
33.22346,17.10074
33.23933,17.36234
33.25983,17.3248
33.28032,16.9155
33.31584,15.62052
33.3336,14.84833
33.34248,14.46003
33.35136,14.07881
33.35956,13.73741
33.36776,13.40937
33.37596,13.09692
33.38415,12.80194
33.39235,12.52454
33.40055,12.26537
33.40875,12.02424
33.41694,11.80083
33.42514,11.59374
33.43334,11.40218
33.44154,11.22497
33.44973,11.06103
33.45793,10.90867
33.46613,10.76685
33.47433,10.63436
33.48252,10.5102
33.49345,10.35542
33.50438,10.21105
33.51531,10.07513
33.52624,9.945948
33.53991,9.79165
33.55357,9.643338
33.56723,9.498976
33.58089,9.357065
33.59455,9.216523
33.60821,9.076746
33.62187,8.937744
33.63553,8.800373
33.6451,8.706137
33.65466,8.614924
33.66423,8.528192
33.67379,8.448364
33.68336,8.37823
33.69292,8.321716
33.70248,8.283452
33.71204,8.269167
33.72161,8.285704
33.73117,8.340916
33.74074,8.443838
33.7503,8.604019
33.75987,8.832185
33.76943,9.138482
33.77899,9.533497
33.78855,10.02681
33.79744,10.58089
33.80632,11.23104
33.82408,12.82937
33.84184,14.80971
33.8596,17.10623
33.86506,17.85831
33.88419,20.5708
33.90332,23.22245
33.91786,25.04069
33.93239,26.56997
33.94,27.22579
33.94508,27.60117
33.95861,28.33926
33.97214,28.68021
33.98299,28.66709
33.99384,28.4123
34.01553,27.2753
34.05103,24.22458
34.06878,22.48543
34.07766,21.6242
34.08653,20.78798
34.09541,19.98537
34.10428,19.22612
34.11316,18.51406
34.12203,17.85416
34.13091,17.24634
34.13978,16.6918
34.14866,16.18781
34.15753,15.73304
34.16641,15.3233
34.17528,14.95594
34.18416,14.6263
34.19303,14.33129
34.20191,14.06647
34.21078,13.82888
34.21966,13.61468
34.22853,13.42135
34.2379,13.23656
34.24727,13.06898
34.25664,12.91621
34.26601,12.77618
34.27538,12.6471
34.28475,12.52748
34.30348,12.31185
34.32222,12.12111
34.34096,11.9497
34.3597,11.79347
34.37843,11.64943
34.39717,11.51506
34.41591,11.38858
34.45338,11.15347
34.49085,10.93435
34.52832,10.72348
34.55791,10.55814
34.58749,10.39005
34.60229,10.30369
34.61708,10.21517
34.63187,10.1239
34.64666,10.02934
34.66146,9.930909
34.67625,9.828418
34.69104,9.721745
34.69844,9.666918
34.70583,9.611347
34.71323,9.555066
34.72062,9.498487
34.72802,9.441804
34.73541,9.385621
34.74281,9.330352
34.7502,9.276849
34.7576,9.225813
34.76499,9.178388
34.7719,9.138284
34.7788,9.103444
34.78571,9.074999
34.79261,9.054388
34.79952,9.043036
34.80642,9.042567
34.81332,9.054634
34.82022,9.080979
34.83403,9.183676
34.84783,9.364318
34.86164,9.635296
34.87544,10.00489
34.90305,11.04769
34.93066,12.43231
34.94644,13.31075
34.96076,14.11269
34.97508,14.87738
34.99,15.59158
34.99995,16.00148
35.01614,16.52746
35.03233,16.85711
35.05316,16.98264
35.07398,16.80138
35.09321,16.41917
35.11243,15.9006
35.13165,15.31399
35.14126,15.01406
35.15087,14.71793
35.16129,14.40668
35.1717,14.11045
35.18211,13.83218
35.19252,13.57379
35.20293,13.33614
35.21334,13.11919
35.22375,12.92226
35.23416,12.74418
35.24457,12.58347
35.25498,12.43852
35.26539,12.30765
35.2758,12.18925
35.28621,12.08178
35.29662,11.98384
35.30703,11.89419
35.31744,11.81173
35.33026,11.71864
35.34307,11.63357
35.35589,11.55515
35.3687,11.48249
35.39433,11.35112
35.41996,11.2345
35.44559,11.12926
35.47122,11.03298
35.49685,10.94391
35.52247,10.86073
35.57373,10.70789
35.62498,10.56836
35.67624,10.43794
35.72749,10.31361
35.77875,10.19289
35.8236,10.08862
35.86845,9.984313
35.9133,9.87876
35.95815,9.770734
36.003,9.658922
36.04785,9.541851
36.0927,9.417784
36.13754,9.284593
36.17439,9.166323
36.21123,9.037942
36.24807,8.89668
36.26649,8.820122
36.28491,8.738898
36.30333,8.652399
36.32175,8.559997
36.34017,8.461136
36.34938,8.40917
36.35859,8.355508
36.3678,8.300201
36.37701,8.24336
36.38622,8.185181
36.39543,8.125962
36.40464,8.06613
36.41385,8.006267
36.42306,7.947136
36.43227,7.889709
36.43988,7.844392
36.44749,7.801861
36.4551,7.763041
36.46271,7.728976
36.47032,7.700825
36.47793,7.679853
36.48554,7.667415
36.49314,7.664926
36.50075,7.673838
36.50836,7.695623
36.52357,7.783323
36.53879,7.938111
36.554,8.166575
36.58284,8.803756
36.61167,9.652973
36.62448,10.06335
36.63978,10.54776
36.65508,10.9959
36.67,11.36853
36.67747,11.5232
36.69119,11.74131
36.7049,11.86538
36.72488,11.87185
36.74486,11.68827
36.76359,11.38629
36.78232,11.02211
36.79169,10.84095
36.80105,10.67538
36.81042,10.53691
36.81978,10.43813
36.8329,10.39014
36.84601,10.47877
36.85913,10.73716
36.87224,11.19452
36.88536,11.87541
36.89847,12.79419
36.91158,13.95544
36.92469,15.34961
36.94217,17.52512
36.95965,19.96427
36.97714,22.51851
36.99462,25.00261
37.00849,26.79676
37.02235,28.33441
37.03,29.04537
37.0351,29.45797
37.05401,30.51983
37.07291,30.80769
37.09355,30.27466
37.11418,29.00361
37.15356,25.35536
37.17325,23.348
37.1831,22.37319
37.19294,21.43911
37.20279,20.55462
37.21264,19.72809
37.22249,18.96389
37.23233,18.26439
37.24218,17.62772
37.25202,17.05296
37.26187,16.53549
37.27171,16.07209
37.28156,15.65702
37.2914,15.28617
37.30125,14.95386
37.31109,14.6561
37.32094,14.38794
37.33078,14.146
37.34063,13.92633
37.35047,13.72639
37.36548,13.45329
37.38048,13.21267
37.39548,12.99908
37.41048,12.80882
37.43205,12.57116
37.45362,12.37148
37.47519,12.20584
37.49675,12.06978
37.51363,11.97994
37.5305,11.90073
37.55,11.81657
37.56707,11.74404
37.5816,11.67943
37.59612,11.60955
37.6061,11.55735
37.61608,11.50119
37.62606,11.44075
37.63603,11.37596
37.64601,11.30672
37.65599,11.23336
37.66597,11.15634
37.67594,11.07641
37.68659,10.98878
37.69391,10.92791
37.70123,10.86716
37.70855,10.80716
37.71586,10.74871
37.72318,10.69245
37.7305,10.63935
37.73782,10.59036
37.74513,10.54657
37.75245,10.50894
37.75977,10.4787
37.7744,10.44504
37.78904,10.45487
37.80367,10.51679
37.83294,10.82134
37.86221,11.37276
37.87951,11.7948
37.8968,12.26023
37.91092,12.65136
37.92503,13.03228
37.93,13.16062
37.94244,13.46152
37.95813,13.78642
37.97381,14.0351
37.99474,14.23309
38.01566,14.27714
38.05451,14.02407
38.07394,13.79115
38.08365,13.66132
38.09336,13.52705
38.10233,13.40157
38.1113,13.27671
38.12027,13.15411
38.12923,13.03518
38.1382,12.92063
38.14716,12.81141
38.15613,12.70771
38.16509,12.60998
38.17406,12.51807
38.18303,12.43197
38.192,12.35148
38.20096,12.27641
38.20993,12.20624
38.21889,12.14079
38.22786,12.07952
38.23682,12.02221
38.24579,11.96838
38.25476,11.91776
38.26373,11.87003
38.27269,11.82495
38.29062,11.74157
38.30855,11.66584
38.32649,11.59636
38.34442,11.5321
38.36235,11.47219
38.38028,11.41596
38.39822,11.36284
38.41615,11.31246
38.45201,11.2185
38.48787,11.13185
38.52373,11.05091
38.55362,10.98693
38.58351,10.92551
38.64328,10.80856
38.70305,10.697
38.76282,10.58833
38.81064,10.50191
38.85846,10.41464
38.90628,10.32517
38.9541,10.23185
38.97801,10.18311
39.00192,10.13255
39.02583,10.07976
39.04974,10.02424
39.07365,9.965376
39.09756,9.90242
39.10952,9.869116
39.12147,9.834468
39.13342,9.798316
39.14537,9.760534
39.15584,9.725997
39.1663,9.690089
39.17676,9.652738
39.18722,9.613946
39.19768,9.573771
39.20814,9.53235
39.2186,9.489926
39.22906,9.446875
39.23952,9.40374
39.24998,9.361269
39.26044,9.320439
39.2709,9.282496
39.28136,9.248965
39.29182,9.221666
39.30228,9.2027
39.31274,9.194423
39.32395,9.200321
39.33516,9.224708
39.34637,9.270852
39.35758,9.341811
39.38,9.56797
39.40241,9.914314
39.42632,10.40856
39.45023,10.99638
39.45919,11.22886
39.47462,11.6286
39.49005,12.00931
39.5,12.23504
39.50995,12.43928
39.52994,12.76812
39.54992,12.96995
39.57244,13.03766
39.59495,12.95139
39.61559,12.76646
39.63623,12.51509
39.64655,12.37518
39.65687,12.23096
39.66719,12.08576
39.67751,11.94238
39.68736,11.8093
39.69721,11.68144
39.70706,11.55987
39.71691,11.44529
39.72676,11.33806
39.73661,11.23827
39.74646,11.14578
39.75631,11.0603
39.76616,10.98143
39.77601,10.90867
39.78586,10.8415
39.79571,10.77939
39.80556,10.72181
39.81541,10.66827
39.82526,10.61831
39.8351,10.57155
39.85105,10.50149
39.867,10.43734
39.88295,10.37798
39.89889,10.32257
39.91484,10.2703
39.93079,10.22066
39.94674,10.17319
39.96268,10.12755
39.99458,10.04039
40.02647,9.957311
40.05837,9.876751
40.09026,9.797508
40.12404,9.713685
40.15781,9.628627
40.1747,9.585148
40.19158,9.540817
40.20847,9.495402
40.22535,9.448817
40.24224,9.400933
40.25912,9.351852
40.26757,9.326881
40.27601,9.301729
40.28445,9.276431
40.29289,9.251067
40.30134,9.225706
40.30978,9.200524
40.32666,9.151174
40.34355,9.104248
40.36043,9.061285
40.38014,9.018138
40.39984,8.984591
40.41954,8.96196
40.43924,8.950304
40.45987,8.948181
40.4805,8.952761
40.5,8.958586
40.5195,8.960756
40.53716,8.955466
40.55482,8.940093
40.57489,8.907654
40.59495,8.857848
40.61501,8.790735
40.63507,8.707703
40.64791,8.647215
40.66075,8.581811
40.67119,8.525519
40.68162,8.466936
40.69206,8.406378
40.70249,8.344409
40.71293,8.281394
40.72336,8.217979
40.73379,8.154687
40.74422,8.09217
40.75466,8.031096
40.76509,7.972382
40.77552,7.916837
40.78595,7.865375
40.79639,7.81889
40.80682,7.778388
40.82768,7.71847
40.89188,7.734104
40.90793,7.775651
40.92398,7.821941
40.93699,7.857899
40.95,7.88821
40.9647,7.91128
40.99073,7.913119
41.01819,7.860626
41.03192,7.821359
41.04565,7.782301
41.05833,7.754382
41.071,7.742893
41.08262,7.754409
41.09424,7.794093
41.10586,7.868302
41.11748,7.982401
41.1291,8.140277
41.14072,8.343896
41.16395,8.884304
41.2062,10.19337
41.22205,10.71464
41.23789,11.20552
41.26,11.79368
41.2675,11.96119
41.28685,12.31869
41.30619,12.5971
41.33425,13.01689
41.34828,13.3291
41.3623,13.77803
41.37726,14.46661
41.39784,15.86442
41.41841,17.86124
41.43898,20.45801
41.45955,23.54469
41.46704,24.75034
41.48294,27.36697
41.49883,29.93582
41.5194,32.93593
41.54,35.27816
41.54515,35.72925
41.5609,36.72794
41.57664,37.12228
41.59535,36.81027
41.61405,35.73291
41.64612,32.5643
41.66216,30.61152
41.67819,28.5788
41.69556,26.40525
41.70425,25.36126
41.71293,24.3607
41.72162,23.4085
41.7303,22.51202
41.73899,21.67242
41.74767,20.89318
41.75636,20.17259
41.76504,19.51116
41.77373,18.90526
41.78241,18.35346
41.7911,17.85112
41.79978,17.39574
41.80846,16.98288
41.81714,16.60869
41.8265,16.24418
41.83585,15.91609
41.84521,15.6195
41.85456,15.3512
41.86392,15.10715
41.87327,14.88478
41.88262,14.68107
41.89197,14.49366
41.91068,14.15958
41.92938,13.86958
41.94809,13.61357
41.96679,13.38464
41.9855,13.17726
42.00421,12.98759
42.04162,12.64999
42.07903,12.35443
42.11644,12.08956
42.14851,11.88083
42.18057,11.68501
42.21264,11.49891
42.2447,11.32004
42.28479,11.10301
42.32487,10.8897
42.36496,10.67623
42.40504,10.45893
42.42509,10.34757
42.44513,10.23382
42.46517,10.11714
42.48521,9.997075
42.50526,9.873232
42.5253,9.745697
42.54534,9.614984
42.56538,9.482865
42.57674,9.408731
42.5881,9.336576
42.59946,9.268136
42.61081,9.205893
42.62217,9.15305
42.63353,9.114101
42.64489,9.09486
42.65624,9.10277
42.6676,9.147226
42.67896,9.239783
42.69032,9.39434
42.70167,9.626972
42.71303,9.956743
42.72439,10.40422
42.73575,10.99171
42.7471,11.74151
42.75646,12.49838
42.76581,13.39221
42.77516,14.43417
42.78451,15.63261
42.80322,18.51933
42.82192,22.04773
42.83662,25.2259
42.85132,28.68156
42.88071,35.96577
42.89808,40.12154
42.91545,43.83487
42.93008,46.42867
42.9447,48.39464
42.95,48.93333
42.95265,49.16608
42.96003,49.68274
42.9674,50.00236
42.98214,50.05088
43.00291,48.8443
43.02367,46.35986
43.05864,40.28007
43.07613,36.84964
43.09361,33.45207
43.10891,30.63509
43.12421,28.04726
43.13951,25.73563
43.14716,24.69045
43.15481,23.71982
43.16246,22.82276
43.17011,21.99733
43.17776,21.24077
43.18541,20.54969
43.19306,19.92027
43.20071,19.34836
43.20836,18.82969
43.21601,18.35993
43.22366,17.93479
43.23131,17.55013
43.23896,17.20199
43.24661,16.88665
43.25426,16.60063
43.26191,16.34075
43.26956,16.10409
43.27721,15.88804
43.28486,15.69022
43.29251,15.50853
43.30781,15.1863
43.32311,14.90896
43.33841,14.66699
43.35371,14.45314
43.36901,14.26195
43.38431,14.08923
43.39961,13.93182
43.41491,13.78723
43.43021,13.65353
43.46081,13.41292
43.49142,13.20064
43.52202,13.01033
43.55262,12.83713
43.58322,12.67729
43.61382,12.52776
43.64442,12.38587
43.67502,12.24911
43.70562,12.115
43.73513,11.9857
43.74989,11.92024
43.76464,11.85385
43.7794,11.78615
43.79415,11.71697
43.8089,11.64611
43.82365,11.57356
43.83103,11.5367
43.83841,11.49953
43.84579,11.46213
43.85316,11.42467
43.86054,11.38719
43.86792,11.34991
43.8753,11.31304
43.88267,11.27689
43.89005,11.24165
43.89743,11.2077
43.90481,11.17542
43.91218,11.14526
43.92693,11.09298
43.94168,11.05482
43.95207,11.03873
43.96245,11.03326
43.98321,11.05964
44.02474,11.28717
44.04769,11.51329
44.07064,11.79377
44.08156,11.93885
44.09455,12.11475
44.10754,12.28828
44.11,12.32036
44.11739,12.41441
44.12478,12.50419
44.1378,12.64889
44.15081,12.77233
44.17308,12.925
44.19535,12.99739
44.23754,12.93309
44.25864,12.8276
44.26919,12.7635
44.27973,12.69452
44.2938,12.59782
44.30786,12.49922
44.32193,12.40152
44.32896,12.35377
44.33599,12.30702
44.34479,12.25014
44.35358,12.19537
44.36237,12.14278
44.37116,12.09245
44.37995,12.04439
44.38874,11.99858
44.39753,11.95495
44.40632,11.9134
44.41511,11.87382
44.4239,11.83608
44.43269,11.80005
44.44148,11.7656
44.45906,11.7009
44.47664,11.64099
44.49423,11.58498
44.51181,11.5322
44.52939,11.48199
44.54697,11.43385
44.58213,11.34224
44.61729,11.25479
44.65479,11.16399
44.69699,11.06263
44.73918,10.95989
44.78138,10.85335
44.82357,10.74037
44.84467,10.68043
44.86577,10.61754
44.88687,10.55109
44.90796,10.48041
44.92906,10.40463
44.95016,10.32285
44.96071,10.27943
44.97126,10.23416
44.98181,10.18695
44.99235,10.13779
45.0029,10.08656
45.01345,10.03335
45.024,9.97829
45.03455,9.921619
45.0451,9.863742
45.05565,9.805251
45.0662,9.746975
45.07674,9.690081
45.08729,9.635897
45.09784,9.586283
45.10839,9.543442
45.11894,9.509991
45.12949,9.488959
45.14004,9.483758
45.15059,9.498125
45.16113,9.535982
45.17227,9.606027
45.1834,9.711448
45.19454,9.8568
45.20567,10.04555
45.22794,10.56373
45.25021,11.2715
45.276,12.29726
45.30178,13.46039
45.30647,13.67712
45.31945,14.27111
45.33242,14.84085
45.35,15.5417
45.36005,15.89086
45.37684,16.36967
45.39362,16.70038
45.41546,16.89676
45.4373,16.84118
45.47762,16.22813
45.49778,15.77225
45.50786,15.52854
45.51794,15.2815
45.52718,15.05602
45.53642,14.83456
45.54566,14.61957
45.5549,14.41299
45.56414,14.21624
45.57338,14.03032
45.58262,13.8558
45.59186,13.69293
45.6011,13.54165
45.61034,13.40168
45.61958,13.27255
45.62882,13.15368
45.63806,13.0444
45.6473,12.94398
45.65654,12.8517
45.66577,12.7669
45.67501,12.68871
45.68425,12.61655
45.69349,12.54981
45.70273,12.48792
45.71197,12.43036
45.72121,12.37667
45.73969,12.27932
45.75817,12.1931
45.77665,12.11588
45.79513,12.04603
45.8136,11.9823
45.83208,11.92367
45.85056,11.86939
45.88752,11.77155
45.92448,11.68515
45.96143,11.60764
45.98831,11.55577
46.01519,11.50707
46.06895,11.41745
46.12271,11.33599
46.17646,11.26067
46.23022,11.18991
46.28397,11.12245
46.33773,11.05715
46.39148,10.99299
46.44188,10.93289
46.49228,10.87187
46.54268,10.80874
46.59307,10.74196
46.61827,10.70653
46.64347,10.66925
46.66867,10.62965
46.69386,10.58713
46.70646,10.56453
46.71906,10.54089
46.73166,10.5161
46.74426,10.49004
46.75686,10.46257
46.76946,10.43358
46.78206,10.40296
46.79465,10.37069
46.80473,10.34362
46.81481,10.3155
46.82489,10.28639
46.83497,10.25644
46.84505,10.22582
46.85513,10.19482
46.86521,10.1638
46.87529,10.13322
46.88537,10.10366
46.89545,10.07581
46.90553,10.05044
46.91561,10.02848
46.92569,10.01091
46.93577,9.998786
46.94585,9.993226
46.95592,9.995329
46.9744,10.02259
46.99288,10.08482
47.02983,10.32519
47.03655,10.38513
47.05503,10.57184
47.07351,10.78332
47.08359,10.90494
47.0968,11.06642
47.11,11.22531
47.12478,11.3939
47.13956,11.54617
47.15433,11.6764
47.17758,11.82763
47.20083,11.90756
47.24187,11.88932
47.26239,11.82264
47.27265,11.77993
47.2829,11.73295
47.29385,11.67948
47.30479,11.6241
47.31573,11.56803
47.32667,11.5123
47.33762,11.45771
47.34856,11.40499
47.3595,11.35455
47.37044,11.30667
47.38139,11.26147
47.39233,11.21907
47.40327,11.17938
47.41421,11.1423
47.42515,11.10768
47.43609,11.07533
47.44703,11.04508
47.45797,11.01672
47.46823,10.99169
47.47849,10.96802
47.49901,10.92421
47.51953,10.88434
47.54004,10.84766
47.56056,10.81351
47.58108,10.78143
47.62211,10.72203
47.66315,10.6672
47.70418,10.61548
47.74521,10.56577
47.78624,10.5172
47.83822,10.45619
47.89019,10.39451
47.94217,10.3307
47.99414,10.26315
48.02013,10.22733
48.04612,10.1897
48.07211,10.14983
48.09809,10.1072
48.12408,10.06111
48.13708,10.0365
48.15007,10.0107
48.16307,9.98356
48.17606,9.954968
48.18905,9.924766
48.20204,9.892824
48.21299,9.864465
48.22393,9.834775
48.23487,9.803714
48.24581,9.771314
48.25676,9.73763
48.2677,9.702884
48.27864,9.6673
48.28958,9.631241
48.30053,9.595166
48.31147,9.559774
48.32241,9.525823
48.33335,9.494263
48.3443,9.466178
48.35524,9.442873
48.36618,9.425695
48.37712,9.4161
48.38738,9.415319
48.39764,9.423725
48.41816,9.472493
48.45919,9.717734
48.48244,9.944432
48.50569,10.22036
48.5221,10.43267
48.53605,10.6161
48.55,10.79524
48.56478,10.97311
48.57956,11.13176
48.59433,11.26523
48.61758,11.41498
48.64082,11.4855
48.68185,11.43378
48.70236,11.34392
48.72287,11.22785
48.73382,11.1593
48.74476,11.08829
48.7557,11.01611
48.76664,10.94389
48.77758,10.8725
48.78852,10.80262
48.79946,10.73471
48.8104,10.66904
48.82134,10.60574
48.83228,10.54481
48.84322,10.48614
48.85416,10.42955
48.8651,10.3748
48.87604,10.32163
48.88698,10.26975
48.89792,10.21888
48.90955,10.1656
48.92117,10.1129
48.9328,10.06045
48.94442,10.00817
48.95605,9.955869
48.96767,9.903677
48.9793,9.85167
48.99092,9.800277
49.00255,9.749957
49.01417,9.70158
49.0258,9.656121
49.03742,9.61501
49.04905,9.579843
49.06067,9.552662
49.07229,9.535709
49.08391,9.531515
49.09622,9.544011
49.10853,9.577202
49.12084,9.634348
49.13315,9.718436
49.15777,9.976571
49.18238,10.36069
49.20973,10.92296
49.23708,11.58283
49.24802,11.85793
49.26273,12.22354
49.27744,12.57108
49.29,12.84305
49.30005,13.03864
49.31586,13.29807
49.33166,13.49005
49.35322,13.63483
49.37478,13.64632
49.41251,13.39916
49.43138,13.18685
49.45024,12.94334
49.46776,12.70573
49.47652,12.58697
49.48528,12.47
49.49404,12.35588
49.5028,12.24546
49.51156,12.13941
49.52031,12.03832
49.52907,11.94227
49.53783,11.85156
49.54659,11.76624
49.55535,11.68625
49.56411,11.61145
49.57287,11.54165
49.58163,11.4766
49.59038,11.41608
49.5978,11.36802
49.60521,11.32284
49.61262,11.28027
49.62003,11.24014
49.62744,11.20227
49.63485,11.16651
49.64226,11.1327
49.64967,11.10071
49.66449,11.04171
49.67931,10.9887
49.69413,10.94115
49.70895,10.89883
49.72378,10.86177
49.7386,10.83046
49.75342,10.80562
49.76083,10.79599
49.76824,10.78844
49.77565,10.78318
49.78306,10.78045
49.79047,10.7805
49.79788,10.7836
49.80529,10.79005
49.8127,10.80017
49.82011,10.81428
49.82752,10.8327
49.8383,10.86792
49.84908,10.91402
49.85986,10.97199
49.87064,11.0427
49.87873,11.10458
49.88681,11.17421
49.90298,11.3376
49.91915,11.53315
49.93532,11.75956
49.95149,12.01383
49.96766,12.29124
49.99999,12.88954
50.00001,15.36431
60,15.32871
72,15.2906
85,15.25363
100,15.21524
125,15.15887
150,15.10955
170,15.07395
200,15.02554
250,14.95497
300,14.89371
350,14.83913
400,14.7899
500,14.70357
600,14.6292
700,14.56361
800,14.50478
900,14.45135
1000,14.40231
1250,14.2946
1500,14.20271
1700,14.13762
2000,14.05066
2500,13.92681
3000,13.82183
3500,13.73048
4000,13.64945
5000,13.51031
6000,13.39338
7000,13.29248
8000,13.20378
9000,13.12474
10000,13.05354
12500,12.902
15000,12.77842
17000,12.69434
20000,12.58678
25000,12.44367
30000,12.33162
35000,12.24086
40000,12.16503
42375.09,12.13303
42375.11,11.65086
42375.13,11.65086
43000,11.62445
45000,11.53989
47434.16,11.47715
50000,11.41101
55000,11.33246
60000,11.25391
65000,11.17537
70000,11.09682
72456.88,11.06613
80000,10.97194
84348.59,10.91763
84348.6,10.91763
85000,10.9095
87464.28,10.85383
90000,10.79655
95000,10.6836
96800.04,10.64294
96800.05,10.64294
100000,10.59863
105000,10.5294
109753.6,10.46357
109753.7,10.46357
110000,10.46016
115000,10.37262
122474.5,10.24177
125000,10.19755
130000,10.11003
137430.1,9.979949
140000,9.93496
144095.5,9.863255
144095.6,9.863253
144913.8,9.848932
150000,9.759891
160000,9.621763
163375.2,9.575137
163375.3,9.575136
170000,9.483631
180000,9.345494
190000,9.207359
190085.6,9.206177
190085.7,9.206176
200000,9.087302
214819.9,8.909608
220000,8.847499
240000,8.607699
242000.1,8.583715
242000.2,8.583714
245012.6,8.547591
245012.7,8.54759
250000,8.487798
260000,8.378188
267103.9,8.300322
267104,8.300321
280000,8.158968
299999.9,7.939752
300000,7.939751
300000.1,7.93975
301245,7.926101
301245.1,7.9261
320000,7.720532
340000,7.510318
346431.7,7.442717
346431.8,7.442716
350000,7.405212
360000,7.312896
369864.8,7.221829
380000,7.128265
384589.4,7.085898
384589.5,7.085897
400000,6.954017
420000,6.814134
429883.7,6.745006
440000,6.674251
450000,6.604309
460000,6.534368
480000,6.394484
489897.9,6.330519
500000,6.265235
520000,6.158916
540000,6.052596
549909.1,5.99992
560000,5.946276
580000,5.839956
589915.2,5.787247
600000,5.733636
624499.8,5.609635
650000,5.480571
674536.9,5.371589
700000,5.258493
750000,5.025021
787195.9,4.833372
800000,4.767401
812217.3,4.708275
850000,4.525429
887230.8,4.345253
900000,4.283457
937245.4,4.126782
950000,4.073129
987258.5,3.940894
1000000,3.895673
1042580,3.800309
1080517,3.715343
1100000,3.671708
1124190,3.649938
1161477,3.616381
1200000,3.581712
1249000,3.568686
1300000,3.555129
1349074,3.562986
1400000,3.571139
1449138,3.585523
1500000,3.600413
1574392,3.622189
1600000,3.629685
1624435,3.636838
1700000,3.658959
1774462,3.685144
1800000,3.694125
1849324,3.71147
1900000,3.72929
1949359,3.750109
2000000,3.771469
2085160,3.816731
2161034,3.85706
2200000,3.877771
2248381,3.905841
2348357,3.963848
2400000,3.99381
2448509,4.021956
2500000,4.05183
2548489,4.076486
2600000,4.102676
2698148,4.15258
2700000,4.153521
2800000,4.204367
2848714,4.225056
2948699,4.267521
3000000,4.289309
3110369,4.31759
3203509,4.341457
3306399,4.367822
3401823,4.392274
3500000,4.417432
3611270,4.419884
3704759,4.421945
3807613,4.424211
3902621,4.426305
4000000,4.428452
4059327,4.419335
4165275,4.403053
4281861,4.385137
4389576,4.368584
4500000,4.351615
4620105,4.314489
4747323,4.275166
4890103,4.231032
5000000,4.197062
5120568,4.14867
5283238,4.083379
5426775,4.025768
5500000,3.996378
5620951,3.944969
5807384,3.865729
6000000,3.783861
6213834,3.689272
6391695,3.610595
6391696,3.610595
6403176,3.605526
6440530,3.588848
6500000,3.562744
6745369,3.469114
7000000,3.371949
7245688,3.292781
7500000,3.210834
7871959,3.116492
8000000,3.084017
8372144,3.014946
8500000,2.991216
9000000,2.910187
9500000,2.854785
9746794,2.840359
10000000,2.825559
10500000,2.81315
11000000,2.815797
11500000,2.828691
11953760,2.85512
11953810,2.855123
12000000,2.857814
12500000,2.897656
13000000,2.940068
13500000,2.979015
13747730,2.990684
14000000,3.002568
14500000,3.022839
15000000,3.04311
15500000,3.064546
16000000,3.081432
16500000,3.103724
17000000,3.126616
17500000,3.143785
18000000,3.164064
18500000,3.179135
18619590,3.18295
19000000,3.187506
19500000,3.194391
20000000,3.202517
20500000,3.203562
21000000,3.204605
21494190,3.195164
21500000,3.195054
22000000,3.185502
22500000,3.168833
23000000,3.152503
23500000,3.127863
24000000,3.103342
24500000,3.078919
25000000,3.049676
25500000,3.020609
26000000,2.985167
26500000,2.949946
27000000,2.914836
27500000,2.879866
27746580,2.862619
28000000,2.844894
28500000,2.8101
28746700,2.792934
29000000,2.775306
29500000,2.740107
29746810,2.722543
30000000,2.704527
