Incident energy,cross section
1E-05,3957.475
1.0625E-05,3839.316
1.125E-05,3731.147
1.1875E-05,3631.634
1.25E-05,3539.681
1.375E-05,3374.957
1.5E-05,3231.28
1.625E-05,3104.517
1.75E-05,2991.591
1.875E-05,2890.155
2E-05,2798.384
2.1875E-05,2675.771
2.375E-05,2567.982
2.5625E-05,2472.251
2.75E-05,2386.486
2.9375E-05,2309.07
3.125E-05,2238.73
3.3125E-05,2174.451
3.5E-05,2115.409
3.875E-05,2010.453
4.25E-05,1919.715
4.625E-05,1840.251
5E-05,1769.902
5.3125E-05,1717.062
5.625E-05,1668.69
5.9375E-05,1624.188
6.25E-05,1583.067
6.875E-05,1509.404
7.5E-05,1445.152
8.125E-05,1388.465
8.75E-05,1337.966
9.375E-05,1292.605
0.0001,1251.567
0.00010625,1214.205
0.0001125,1180.002
0.00011875,1148.536
0.000125,1119.46
0.0001375,1067.375
0.00015,1021.945
0.0001625,981.8639
0.000175,946.158
0.0001875,914.0853
0.0002,885.0687
0.00021875,846.3011
0.0002375,812.2206
0.00025625,781.9531
0.000275,754.8368
0.00029375,730.3604
0.0003125,708.1216
0.00033125,687.7991
0.00035,669.1325
0.0003875,635.9508
0.000425,607.2647
0.0004625,582.1431
0.0005,559.9041
0.00053125,543.2004
0.0005625,527.9092
0.00059375,513.842
0.000625,500.8439
0.0006875,477.5602
0.00075,457.2526
0.0008125,439.337
0.000875,423.3779
0.0009375,409.0437
0.001,396.0761
0.0010625,384.271
0.001125,373.4645
0.0011875,363.5234
0.00125,354.3381
0.001375,337.8848
0.0015,323.5349
0.001625,310.8755
0.00175,299.5987
0.001875,289.4702
0.002,280.3074
0.0021875,268.067
0.002375,257.3083
0.0025625,247.7552
0.00275,239.1988
0.0029375,231.4772
0.003125,224.463
0.0033125,218.0542
0.0035,212.1684
0.003875,201.7064
0.00425,192.662
0.004625,184.7421
0.005,177.7331
0.0053125,172.4712
0.005625,167.6566
0.0059375,163.2295
0.00625,159.1404
0.006875,151.8179
0.0075,145.4318
0.008125,139.798
0.00875,134.7807
0.009375,130.2767
0.01,126.2055
0.010625,122.5032
0.01125,119.1182
0.011875,116.0076
0.0125,113.1358
0.01375,107.9937
0.015,103.5085
0.01625,99.55271
0.0175,96.03248
0.01875,92.875
0.02,90.0227
0.021325,87.28161
0.02265,84.78876
0.023975,82.5099
0.0253,80.41758
0.02684375,78.18499
0.0283875,76.14307
0.031475,72.52333
0.0345625,69.40052
0.03765,66.67847
0.0407375,64.28198
0.043825,62.15252
0.0469125,60.24521
0.05,58.52508
0.053125,56.94631
0.05625,55.50829
0.059375,54.19424
0.0625,52.98978
0.06875,50.84349
0.075,48.98264
0.08125,47.35922
0.0875,45.93073
0.09375,44.66425
0.1,43.53421
0.10625,42.52048
0.1125,41.60696
0.11875,40.7817
0.125,40.03784
0.1375,38.73825
0.15,37.64705
0.1625,36.73322
0.175,35.96785
0.1875,35.32956
0.2,34.80244
0.2153516,34.29091
0.2307032,33.91662
0.2460548,33.67314
0.2614063,33.56221
0.2733038,33.57454
0.2852013,33.68498
0.2970988,33.91346
0.3089962,34.29251
0.3208937,34.87133
0.3268424,35.26343
0.3327911,35.7501
0.3387399,36.35701
0.3446886,37.11793
0.3506373,38.08221
0.3536117,38.6627
0.356586,39.32465
0.3596564,40.10966
0.3627267,41.01818
0.365797,42.07521
0.3688673,43.31121
0.3719376,44.76321
0.3750079,46.47552
0.3780782,48.49944
0.3811485,50.89122
0.3833722,52.8851
0.3855958,55.11972
0.3878194,57.60799
0.390043,60.35338
0.3922667,63.34591
0.3944903,66.55713
0.3989375,73.41087
0.4032032,79.95554
0.405336,82.93964
0.4074688,85.56574
0.4096016,87.71251
0.4117344,89.27392
0.4138672,90.16963
0.4149336,90.35185
0.416,90.3532
0.4173448,90.09772
0.4186895,89.56149
0.4200343,88.75664
0.421379,87.70095
0.4227238,86.41662
0.4240685,84.92999
0.4267579,81.46679
0.4375157,65.37391
0.4402872,61.59867
0.4430587,58.192
0.4458302,55.18089
0.4486016,52.56017
0.4513731,50.30382
0.4541446,48.37514
0.4569161,46.73343
0.4596875,45.33865
0.4622071,44.2538
0.4647266,43.31809
0.4672462,42.51023
0.4697657,41.81217
0.4748048,40.68644
0.4798438,39.84436
0.4848829,39.21506
0.4899219,38.74576
0.5,38.14848
0.5290619,37.76541
0.5708384,38.88196
0.6126148,41.06147
0.6543913,44.13987
0.6961677,47.8886
0.7379442,52.88147
0.7797206,59.45873
0.8006089,63.60075
0.8214971,68.55647
0.8423853,74.59941
0.8632735,82.31963
0.8737177,87.21258
0.8841618,93.10454
0.8946059,100.4409
0.90505,110.0349
0.9102721,116.0996
0.9154941,123.364
0.9207162,132.2319
0.9259382,143.2728
0.9311603,157.2746
0.9363823,175.2641
0.9416044,198.4457
0.9468264,227.9658
0.9513673,259.3005
0.9559082,295.6267
0.9604491,335.6254
0.96499,376.7522
0.9694925,415.0469
0.973995,446.716
0.9784975,467.8749
0.983,475.8238
0.98725,470.4501
0.9915,453.6065
0.99575,427.747
1,396.1644
1.009413,322.3439
1.01412,289.9698
1.018826,262.9451
1.023533,241.5453
1.028239,225.3472
1.032946,213.5682
1.037652,205.3655
1.045506,197.6058
1.05336,195.0259
1.06645,197.9942
1.07954,206.9796
1.09263,220.494
1.105719,238.114
1.119464,261.2052
1.133208,289.6422
1.146953,324.5494
1.160697,367.5978
1.174442,421.2198
1.181314,453.0297
1.188186,488.9003
1.195058,529.5309
1.20193,575.7976
1.208802,628.8149
1.215674,690.007
1.222874,764.8783
1.230073,853.4169
1.237273,959.2176
1.244472,1087.065
1.248072,1161.254
1.251672,1243.635
1.255272,1335.473
1.258871,1438.255
1.262471,1553.874
1.26607,1684.501
1.26967,1832.949
1.273269,2002.514
1.277851,2255.712
1.282432,2561.052
1.287014,2933.17
1.289305,3149.929
1.291595,3390.679
1.293886,3658.757
1.296177,3957.522
1.298468,4290.738
1.300758,4662.264
1.303049,5076.646
1.30534,5538.029
1.307631,6050.637
1.309921,6618.146
1.313505,7624.78
1.317088,8782.5
1.320672,10091.93
1.324255,11540.48
1.331422,14732.53
1.338588,17944.99
1.342941,19647.2
1.347294,20978.41
1.351647,21809.44
1.356,22055.26
1.358488,21920.62
1.362369,21324.19
1.366249,20304.48
1.370129,18942.99
1.374009,17340.6
1.38177,13832.72
1.38953,10503.33
1.39396,8854.896
1.398389,7432.376
1.402819,6235.421
1.407248,5247.116
1.411678,4440.265
1.416107,3785.64
1.420536,3254.753
1.424965,2822.781
1.428713,2519.106
1.432461,2261.267
1.436209,2040.98
1.439957,1851.568
1.443705,1687.669
1.447453,1544.982
1.451201,1420.048
1.454949,1310.074
1.462445,1126.331
1.469941,980.0456
1.477437,861.8041
1.484932,764.9752
1.490384,705.1902
1.495836,652.762
1.506739,565.7027
1.517642,497.1438
1.528545,442.6609
1.539448,399.2004
1.550351,364.6097
1.561254,337.3825
1.572157,316.5082
1.580335,304.6426
1.588512,295.8836
1.596689,290.2249
1.604866,287.7915
1.613725,289.1321
1.622584,295.2549
1.631443,307.2542
1.640302,326.8886
1.644732,340.3955
1.649161,356.9861
1.653591,377.3105
1.65802,402.1929
1.66245,432.7281
1.666879,470.3081
1.671308,516.7479
1.675737,574.3358
1.679826,639.8286
1.683914,719.8061
1.688003,817.2053
1.692091,934.9755
1.695839,1063.248
1.699587,1212.636
1.703335,1383.896
1.707083,1576.467
1.710831,1788.042
1.714579,2014.237
1.722075,2481.88
1.727557,2799.999
1.733038,3058.399
1.738519,3224.293
1.744,3274.862
1.7488,3218.304
1.75245,3115.633
1.7561,2968.151
1.7634,2574.872
1.7707,2118.97
1.778,1674.372
1.783088,1398.182
1.788175,1159.509
1.793263,960.0926
1.795807,874.51
1.79835,797.691
1.800894,728.9363
1.803438,667.5897
1.805982,612.9487
1.808525,564.341
1.813613,482.5404
1.8187,417.5223
1.823094,371.8791
1.827488,333.889
1.831882,301.9893
1.836275,274.9633
1.840669,251.8481
1.845063,231.9118
1.849457,214.5783
1.85385,199.3995
1.862638,174.1333
1.871425,154.0361
1.880213,137.7321
1.889,124.2893
1.895938,115.255
1.902875,107.3476
1.91675,94.18188
1.930625,83.67463
1.9445,75.10234
1.958375,67.98879
1.97225,62.00463
1.986125,56.90994
2,52.52488
2.0176,47.77184
2.0352,43.73478
2.0528,40.2667
2.0704,37.26034
2.088,34.63692
2.1056,32.33423
2.1408,28.45742
2.176,25.31497
2.2112,22.7409
2.2464,20.60394
2.2816,18.80946
2.3256,16.94516
2.3696,15.41354
2.4136,14.15389
2.4576,13.12393
2.5016,12.24329
2.5456,11.52332
2.5896,10.93785
2.6336,10.47303
2.704,9.968776
2.7392,9.826478
2.7744,9.772248
2.8008,9.790927
2.8272,9.866599
2.8536,10.00704
2.88,10.22323
2.8987,10.43343
2.9174,10.70319
2.9361,11.04598
2.9548,11.48087
2.9735,12.03818
2.98285,12.37782
2.9922,12.77065
3.00155,13.23076
3.0109,13.77868
3.02025,14.44593
3.0296,15.28392
3.0373,16.16273
3.04115,16.69128
3.045,17.29707
3.04885,17.99764
3.0527,18.81474
3.05655,19.77481
3.0604,20.90948
3.06425,22.25566
3.0681,23.8552
3.07195,25.75382
3.0758,27.99919
3.07965,30.63804
3.0835,33.71206
3.08735,37.25292
3.0912,41.27644
3.0956,46.4567
3.1,52.20453
3.1121,69.83159
3.11815,78.5758
3.1242,86.28734
3.1264,88.6833
3.1332,94.23991
3.1366,95.80451
3.14,96.48519
3.14595,95.53019
3.1519,92.03596
3.157251,87.11526
3.162602,81.01204
3.173304,67.40543
3.181186,57.9957
3.185127,53.87377
3.189067,50.24142
3.193008,47.12935
3.196948,44.54372
3.200889,42.46621
3.204829,40.86581
3.209263,39.58337
3.213696,38.7887
3.218129,38.41863
3.222562,38.41611
3.226995,38.73264
3.231428,39.32947
3.235861,40.17766
3.240294,41.25755
3.245713,42.87651
3.251131,44.81929
3.25655,47.09575
3.261968,49.72768
3.272805,56.21783
3.278223,60.19214
3.283641,64.76145
3.28906,70.03873
3.294478,76.16742
3.299897,83.33991
3.305315,91.80403
3.310734,101.895
3.316152,114.0507
3.32157,128.8583
3.326988,147.0884
3.332899,172.0607
3.335855,187.0259
3.33881,203.9539
3.341766,223.1249
3.344721,244.8171
3.347677,269.3553
3.350632,297.0457
3.353588,328.2346
3.356543,363.2219
3.359499,402.3321
3.362454,445.8032
3.368365,546.6436
3.374275,666.35
3.378216,756.1364
3.382157,852.8299
3.388068,1007.325
3.393979,1166.331
3.39989,1319.929
3.4058,1456.653
3.41035,1543.136
3.4149,1608.059
3.41945,1647.732
3.424,1659.845
3.430825,1625.291
3.438136,1523.667
3.445447,1369.884
3.452758,1184.5
3.460069,989.03
3.469004,762.7025
3.473471,661.3528
3.477938,570.0138
3.482406,489.2708
3.486873,419.117
3.49134,359.0073
3.495807,308.0938
3.499902,268.6231
3.503997,235.1767
3.508092,206.9255
3.512187,183.0917
3.516282,162.972
3.520377,145.949
3.524472,131.493
3.528566,119.1609
3.532661,108.5767
3.536756,99.43966
3.540851,91.50221
3.544946,84.56335
3.553136,73.06095
3.561325,63.9651
3.569515,56.6284
3.577705,50.61268
3.585895,45.61114
3.594085,41.40422
3.602275,37.83125
3.610465,34.77226
3.618655,32.13602
3.626844,29.85235
3.643224,26.13257
3.659604,23.29754
3.675984,21.15275
3.692363,19.59058
3.704276,18.8005
3.716188,18.32244
3.728101,18.21923
3.734057,18.34557
3.740013,18.62232
3.747831,19.27169
3.755649,20.34074
3.763467,21.95969
3.767376,23.02232
3.771284,24.27949
3.775193,25.75042
3.779102,27.45092
3.786919,31.58178
3.794737,36.68354
3.802554,42.6059
3.812977,51.1406
3.8234,59.11017
3.8288,62.45506
3.8342,64.96431
3.8396,66.45678
3.845,66.81691
3.850954,65.86121
3.856907,63.55819
3.862861,60.08993
3.868814,55.72518
3.889844,37.71573
3.895102,33.52985
3.900359,29.71473
3.905617,26.31824
3.910874,23.35586
3.916962,20.4487
3.92305,18.05433
3.929138,16.10469
3.935225,14.52682
3.941313,13.25042
3.9474,12.21433
3.953488,11.3667
3.959575,10.66642
3.965663,10.08085
3.97175,9.585298
3.983925,8.792732
3.9961,8.1856
4.008275,7.703601
4.021558,7.277944
4.03484,6.928423
4.061404,6.387728
4.087968,5.988909
4.114532,5.682037
4.141096,5.439613
4.16766,5.246557
4.220788,4.971907
4.256207,4.852843
4.291626,4.775574
4.327045,4.735743
4.362463,4.731225
4.408951,4.778526
4.455438,4.889694
4.501925,5.073327
4.548412,5.344469
4.594899,5.727318
4.618143,5.971856
4.641386,6.260131
4.66463,6.600262
4.687873,7.00213
4.711117,7.479173
4.73436,8.051031
4.757604,8.744627
4.780848,9.594657
4.804092,10.64842
4.827335,11.97394
4.838957,12.76832
4.850579,13.67169
4.862201,14.7048
4.873822,15.89366
4.885444,17.27196
4.897066,18.88332
4.908688,20.78569
4.920309,23.05692
4.930271,25.37771
4.940232,28.13919
4.950194,31.46772
4.960155,35.53992
4.970117,40.6146
4.980078,47.07823
4.985059,51.00696
4.990039,55.52897
4.99502,60.77445
5,66.90175
5.003908,72.45636
5.007816,78.79252
5.011724,86.04593
5.015631,94.37156
5.019539,103.9538
5.023447,114.9942
5.027355,127.7192
5.031262,142.3715
5.03517,159.2214
5.039078,178.5375
5.042986,200.5917
5.046893,225.636
5.050801,253.9136
5.054708,285.5932
5.058616,320.8072
5.062523,359.5645
5.067459,413.4652
5.072395,472.4214
5.077331,535.5818
5.082266,601.6753
5.089256,697.0309
5.096246,789.0577
5.103236,871.0472
5.110225,936.2457
5.117613,980.4974
5.125,994.8757
5.129925,986.9794
5.13485,965.4616
5.142065,911.665
5.14928,836.3313
5.156495,746.4088
5.16371,649.3514
5.173894,513.3446
5.178986,449.9488
5.184077,391.3727
5.189169,338.341
5.19426,291.2221
5.199352,250.011
5.204443,214.4792
5.208856,187.9427
5.213269,165.0048
5.217682,145.2897
5.222094,128.4178
5.226507,114.0099
5.23092,101.7227
5.235333,91.24047
5.239745,82.285
5.244158,74.6087
5.248571,68.00528
5.252984,62.29859
5.257396,57.34243
5.261809,53.01241
5.266222,49.20896
5.275047,42.86583
5.283194,38.16269
5.291341,34.28639
5.299488,31.04607
5.307634,28.30477
5.315781,25.96105
5.323927,23.93999
5.332074,22.18338
5.34022,20.64677
5.356514,18.09779
5.372807,16.0845
5.3891,14.46687
5.405393,13.14791
5.421687,12.05893
5.43798,11.15086
5.454273,10.38769
5.470566,9.742457
5.48686,9.194308
5.503153,8.726972
5.535739,7.985491
5.568326,7.442877
5.600912,7.051173
5.633499,6.777622
5.666085,6.597568
5.709534,6.477499
5.763845,6.496947
5.818156,6.691448
5.872467,7.065892
5.926778,7.64644
5.967512,8.247449
6.008245,9.028685
6.048978,10.04121
6.089711,11.35732
6.110078,12.16479
6.130445,13.10089
6.150812,14.19383
6.171178,15.47803
6.191545,16.99797
6.211911,18.81258
6.232278,21.00167
6.252644,23.67432
6.270295,26.50009
6.287946,29.94872
6.305597,34.22736
6.323248,39.64038
6.332074,42.9081
6.340899,46.64985
6.349725,50.9681
6.35855,55.99435
6.367376,61.90621
6.376201,68.94302
6.385027,77.44241
6.393852,87.88198
6.402678,100.9598
6.411504,117.692
6.415917,127.8685
6.42033,139.5596
6.424743,153.0516
6.429155,168.6787
6.433568,186.8423
6.437981,207.9937
6.442394,232.6486
6.446806,261.3751
6.451219,294.8131
6.455632,333.6238
6.460045,378.4948
6.464457,430.0953
6.469888,503.8066
6.475319,589.7017
6.48075,688.4552
6.486181,800.2526
6.491612,924.6347
6.497043,1060.359
6.502474,1205.299
6.507905,1356.402
6.520125,1697.29
6.526235,1854.227
6.532345,1991.807
6.537759,2091.55
6.543173,2165.779
6.548587,2211.052
6.554,2225.232
6.558735,2211.594
6.565064,2156.443
6.571392,2062.543
6.577721,1935.814
6.584049,1783.914
6.594233,1508.07
6.604416,1223.613
6.614599,958.6172
6.619691,839.401
6.624782,730.8868
6.628948,650.4515
6.633114,577.6076
6.63728,512.2052
6.641446,453.938
6.645612,402.3832
6.649778,357.0392
6.653944,317.358
6.658109,282.7815
6.662275,252.7314
6.666441,226.6766
6.670607,204.1107
6.674772,184.5732
6.678938,167.6358
6.683104,152.9315
6.68727,140.1344
6.691435,128.9645
6.698841,112.3826
6.706247,99.09653
6.713653,88.29791
6.721059,79.3952
6.728465,71.95677
6.735871,65.66644
6.743277,60.29045
6.750683,55.6538
6.765495,48.09713
6.780307,42.25177
6.795119,37.653
6.80993,33.99832
6.821039,31.75195
6.832148,29.8612
6.843257,28.28214
6.854366,26.98426
6.865475,25.94935
6.876584,25.17189
6.887693,24.66148
6.898802,24.44807
6.913614,24.73568
6.924723,25.53218
6.930278,26.18329
6.935832,27.04763
6.941387,28.16867
6.946941,29.59768
6.952496,31.39563
6.95805,33.63063
6.963605,36.37914
6.969159,39.71997
6.974714,43.73413
6.980268,48.49403
6.985823,54.0619
6.991377,60.47407
6.996931,67.73809
7.002485,75.81937
7.012669,92.44318
7.022852,110.4844
7.033035,128.3261
7.043218,143.9302
7.049164,151.1646
7.055109,156.5523
7.061055,159.8116
7.067,160.764
7.07453,158.5868
7.08206,152.8102
7.089959,143.4046
7.097857,131.38
7.113653,103.3495
7.126201,81.27091
7.132475,71.25071
7.138749,62.18179
7.145023,54.1589
7.151297,47.20297
7.157571,41.27716
7.163845,36.30397
7.16809,33.42837
7.172334,30.90804
7.176578,28.70674
7.180822,26.78957
7.185067,25.1228
7.189311,23.67607
7.197799,21.33019
7.206288,19.55729
7.214776,18.20785
7.223265,17.17014
7.231753,16.36385
7.240242,15.73144
7.24873,15.23251
7.265707,14.52777
7.282684,14.1031
7.29966,13.87969
7.317375,13.81335
7.33509,13.88919
7.37052,14.4132
7.400045,15.21371
7.42957,16.37023
7.459095,17.94611
7.48862,20.04946
7.518145,22.85048
7.532908,24.5908
7.54767,26.61655
7.562433,28.98884
7.577195,31.78756
7.591958,35.12004
7.60672,39.13034
7.622221,44.29006
7.637722,50.74784
7.653223,59.00016
7.660973,64.02819
7.668723,69.83397
7.676474,76.60294
7.684224,84.57963
7.691974,94.09734
7.699724,105.6083
7.707475,119.7306
7.715225,137.2959
7.722975,159.4247
7.730725,187.586
7.738107,221.7313
7.741798,242.1
7.745488,265.0267
7.749179,290.8233
7.752869,319.7908
7.75656,352.2705
7.76025,388.5746
7.766155,455.4529
7.77206,534.2165
7.777965,625.886
7.78387,731.1131
7.789775,850.0177
7.79568,982.028
7.801585,1125.74
7.80749,1278.818
7.814503,1468.175
7.821515,1658.839
7.835539,2008.775
7.84115,2123.561
7.84676,2216.975
7.85237,2285.213
7.85798,2325.397
7.863,2336.138
7.86802,2322.663
7.877343,2235.652
7.886665,2077.667
7.895988,1866.338
7.90531,1623.362
7.925687,1083.774
7.935876,849.6913
7.94097,746.7461
7.946064,653.8542
7.950927,574.5582
7.95579,504.1612
7.960653,442.2001
7.965515,388.083
7.970378,341.0987
7.975241,300.5287
7.980104,265.638
7.984966,235.721
7.989829,210.0979
7.994692,188.1644
7.999555,169.3732
8.004417,153.2454
8.00928,139.3569
8.014143,127.354
8.019006,116.934
8.023868,107.8447
8.032668,94.11199
8.041467,83.08884
8.050266,74.08515
8.059065,66.6136
8.067865,60.32564
8.076664,54.97086
8.085463,50.36299
8.094262,46.36285
8.111861,39.78337
8.129459,34.63012
8.147057,30.51869
8.164655,27.19365
8.17577,25.41757
8.186885,23.8531
8.198,22.47625
8.209114,21.2703
8.220229,20.22572
8.231344,19.34185
8.242459,18.62809
8.248016,18.34118
8.253573,18.10572
8.259131,17.92625
8.264688,17.80804
8.270246,17.75669
8.275803,17.778
8.281361,17.87754
8.286918,18.06005
8.292475,18.32897
8.298032,18.68571
8.30359,19.12905
8.309147,19.65414
8.320262,20.91129
8.342491,23.7473
8.351132,24.6913
8.359772,25.38619
8.368386,25.74254
8.377,25.70417
8.385615,25.25118
8.394229,24.40587
8.401773,23.39002
8.409317,22.17782
8.424405,19.43975
8.438262,16.93318
8.445191,15.78863
8.452119,14.75153
8.459048,13.83507
8.465976,13.04422
8.472905,12.37646
8.479833,11.82469
8.486069,11.41862
8.492305,11.08953
8.498541,10.82878
8.504776,10.62826
8.511012,10.48068
8.517247,10.37995
8.523483,10.32117
8.529718,10.30074
8.538033,10.32917
8.546347,10.41922
8.554661,10.57213
8.562975,10.79292
8.579604,11.48041
8.587918,11.98288
8.596232,12.62898
8.604547,13.46239
8.612861,14.54405
8.621175,15.95849
8.629489,17.8199
8.637803,20.27819
8.64196,21.78878
8.646117,23.52275
8.650274,25.50979
8.654431,27.78154
8.658588,30.37105
8.662745,33.31204
8.668981,38.45593
8.675217,44.57149
8.681453,51.74623
8.687688,60.03524
8.693924,69.45277
8.70016,79.95049
8.712631,103.6346
8.727874,134.8395
8.735496,149.7459
8.743117,163.0591
8.749838,172.8013
8.756559,180.1271
8.76328,184.6304
8.77,186.055
8.776964,184.1993
8.783928,179.0691
8.790028,172.1287
8.796127,163.233
8.808326,141.1679
8.830057,97.06083
8.840923,76.94084
8.846356,67.95186
8.851788,59.78296
8.858703,50.60883
8.865617,42.78774
8.872532,36.23575
8.879446,30.83112
8.886361,26.42673
8.893275,22.87259
8.90019,20.02244
8.907104,17.74541
8.914019,15.92661
8.920933,14.47097
8.927848,13.30028
8.934762,12.35311
8.941677,11.58097
8.948591,10.94704
8.962419,9.987366
8.978224,9.243971
8.994028,8.758673
9.009832,8.463739
9.025636,8.323782
9.043416,8.332475
9.061196,8.516855
9.078976,8.898278
9.087866,9.17712
9.096756,9.52726
9.105646,9.962735
9.114536,10.50307
9.123426,11.17561
9.132316,12.01888
9.141206,13.08736
9.150096,14.45774
9.158986,16.2369
9.163431,17.32361
9.167875,18.57052
9.172321,20.00431
9.176766,21.6533
9.181211,23.55046
9.185656,25.73184
9.190101,28.23668
9.194546,31.10688
9.198991,34.38627
9.203436,38.11965
9.207881,42.35138
9.212326,47.12378
9.216771,52.4751
9.221216,58.43729
9.225661,65.03345
9.230106,72.27526
9.238996,88.66943
9.249368,110.6995
9.259739,134.9411
9.280482,183.2465
9.284433,191.2933
9.290595,202.429
9.296756,211.4412
9.302917,217.9453
9.309078,221.6539
9.314,222.4918
9.321384,220.1623
9.328768,213.6869
9.335855,203.958
9.342942,191.3504
9.357116,160.306
9.37924,108.1535
9.390302,85.1104
9.395833,74.92294
9.401363,65.71329
9.406244,58.40596
9.411124,51.85655
9.416004,46.03343
9.420884,40.89425
9.425765,36.38734
9.430645,32.45867
9.435525,29.04926
9.440405,26.10137
9.445286,23.55885
9.450166,21.37046
9.455046,19.4876
9.459926,17.86697
9.464806,16.47013
9.469686,15.26345
9.474566,14.21786
9.479446,13.30846
9.484652,12.46475
9.489858,11.73059
9.500269,10.5231
9.51068,9.578202
9.521091,8.82332
9.531502,8.209286
9.541913,7.702325
9.552324,7.27873
9.562735,6.92145
9.583557,6.358704
9.604379,5.945775
9.625201,5.64159
9.646023,5.420183
9.677257,5.207582
9.70849,5.108019
9.729313,5.093963
9.750135,5.117652
9.791779,5.273919
9.817807,5.447674
9.843835,5.686175
9.869863,5.999239
9.89589,6.402207
9.921918,6.917382
9.947945,7.576175
9.973973,8.424151
10,9.529777
10.01922,10.57223
10.03843,11.87635
10.05764,13.53902
10.06725,14.5493
10.07685,15.71073
10.08646,17.06026
10.09607,18.64253
10.10568,20.51917
10.11528,22.77164
10.12489,25.52027
10.13449,28.91885
10.1441,33.19423
10.1537,38.63562
10.15851,41.92169
10.16331,45.65093
10.16811,49.89706
10.17291,54.73483
10.17772,60.25844
10.18252,66.53352
10.18732,73.66454
10.19212,81.74862
10.19693,90.90404
10.20173,101.1887
10.20653,112.71
10.21133,125.5466
10.21614,139.7921
10.22094,155.428
10.23054,190.9721
10.24071,234.4494
10.25088,282.6718
10.26105,333.3997
10.27122,383.4739
10.28038,424.8722
10.28953,459.6983
10.29868,485.3172
10.30783,499.6353
10.314,502.2606
10.32172,497.3732
10.32944,483.7156
10.33986,452.9191
10.35028,410.9624
10.3607,361.9289
10.37112,310.0602
10.38531,241.5554
10.3924,210.2253
10.39949,181.5895
10.40659,155.9064
10.41368,133.3469
10.42077,113.8137
10.42786,97.13097
10.43445,83.95996
10.44103,72.81209
10.44762,63.40565
10.4542,55.52581
10.46079,48.91957
10.46737,43.39982
10.47396,38.76709
10.48054,34.87872
10.48713,31.59051
10.49371,28.80283
10.5003,26.41722
10.50688,24.36802
10.51347,22.59011
10.52005,21.04165
10.53322,18.47884
10.54437,16.73832
10.55551,15.29461
10.56666,14.08065
10.5778,13.05195
10.58895,12.17204
10.60009,11.41644
10.62237,10.20033
10.64466,9.291167
10.66695,8.624996
10.68924,8.174558
10.70038,8.033419
10.71152,7.957425
10.72773,7.992689
10.73584,8.093445
10.74394,8.264301
10.75509,8.639512
10.76623,9.211563
10.77738,10.01807
10.78852,11.08256
10.79967,12.40815
10.81081,13.95777
10.8331,17.37448
10.84525,19.09264
10.8574,20.43798
10.8672,21.12365
10.877,21.38237
10.8868,21.19355
10.8966,20.58264
10.90647,19.6088
10.91633,18.37628
10.93606,15.59235
10.94874,13.90002
10.96142,12.47686
10.9741,11.40386
10.98044,11.00634
10.98678,10.69956
10.99806,10.36555
11.00581,10.281
11.01356,10.30392
11.02131,10.42657
11.02906,10.64363
11.03681,10.95282
11.04456,11.3555
11.05231,11.85729
11.06005,12.46786
11.0678,13.20526
11.07555,14.09263
11.0833,15.1631
11.09105,16.46162
11.0988,18.04815
11.10655,20.00144
11.1143,22.42316
11.12204,25.43761
11.12698,27.74435
11.13191,30.39964
11.13684,33.46062
11.14177,36.98491
11.14671,41.04312
11.15164,45.68383
11.15657,50.98121
11.1615,57.00139
11.16644,63.82224
11.17137,71.47358
11.1763,80.01643
11.18123,89.48572
11.19109,111.2538
11.20095,136.6442
11.21082,165.1043
11.22068,195.476
11.2404,255.2065
11.24786,274.7085
11.25532,291.0511
11.26278,303.4014
11.27024,311.1034
11.278,313.7356
11.28835,308.5015
11.29616,298.2512
11.30396,283.2565
11.31176,264.3679
11.31956,242.6095
11.3419,174.0573
11.35307,141.4307
11.36423,112.5113
11.37391,91.12052
11.37875,81.77707
11.38359,73.32199
11.38843,65.72472
11.39327,58.94236
11.39811,52.923
11.40294,47.61916
11.40778,42.94807
11.41262,38.85965
11.41746,35.29315
11.4223,32.19028
11.42714,29.4963
11.43198,27.16068
11.43682,25.13751
11.44165,23.38903
11.44761,21.55061
11.45357,20.0104
11.45953,18.71965
11.46548,17.63997
11.47739,15.98381
11.4893,14.86004
11.50122,14.17054
11.51313,13.88876
11.52504,14.05335
11.531,14.33545
11.53695,14.77724
11.54254,15.36248
11.54812,16.13898
11.55371,17.14151
11.55929,18.40273
11.56488,19.96727
11.57046,21.87236
11.57605,24.16921
11.58163,26.89335
11.58722,30.09549
11.5928,33.7992
11.59839,38.04372
11.60397,42.82713
11.60956,48.16363
11.61514,54.01161
11.6263,67.06566
11.64417,90.10082
11.65311,101.3939
11.66204,111.5806
11.67395,122.2195
11.68266,127.099
11.69137,129.0835
11.693,129.1167
11.69792,128.565
11.70283,127.0527
11.71146,122.1964
11.72008,114.8837
11.72823,106.1871
11.73638,96.29999
11.75267,75.1645
11.76237,63.00621
11.77207,51.93054
11.78177,42.30458
11.78662,38.09132
11.79147,34.28434
11.79632,30.87652
11.80117,27.85314
11.80602,25.19367
11.81087,22.8734
11.81572,20.86492
11.82057,19.1395
11.82542,17.66816
11.83026,16.42497
11.83647,15.11658
11.84268,14.08261
11.84889,13.2772
11.85509,12.66183
11.8613,12.20161
11.86751,11.87083
11.87992,11.51753
11.88807,11.46548
11.89622,11.53415
11.91252,12.01281
11.92067,12.43453
11.92882,13.00096
11.93697,13.74263
11.94511,14.70162
11.95326,15.93904
11.96141,17.53076
11.96956,19.57404
11.9777,22.18418
11.98585,25.50712
11.994,29.69667
12.00215,34.91837
12.01029,41.32515
12.01767,48.28018
12.02504,56.38994
12.03241,65.6904
12.03978,76.148
12.05453,100.0337
12.06927,126.1119
12.08169,147.4797
12.0941,165.7954
12.10108,173.8818
12.10805,179.9117
12.11503,183.6332
12.122,184.8684
12.12898,183.5679
12.13595,179.801
12.14342,173.2308
12.15089,164.379
12.16583,141.6677
12.18965,100.364
12.20156,81.21491
12.21347,64.6256
12.22153,55.10324
12.22958,46.99499
12.23764,40.21775
12.24569,34.67295
12.25375,30.20095
12.2618,26.65568
12.26986,23.87351
12.27791,21.71893
12.28597,20.06156
12.29402,18.80034
12.30208,17.84626
12.31013,17.13369
12.32624,16.23022
12.34235,15.8031
12.35777,15.69198
12.37318,15.79333
12.404,16.48446
12.43482,17.73485
12.46564,19.54959
12.49646,22.02604
12.51187,23.56848
12.52728,25.35873
12.54269,27.44368
12.5581,29.88517
12.57351,32.76603
12.58892,36.19941
12.60293,39.9327
12.61694,44.42242
12.63095,49.91469
12.64496,56.7816
12.65197,60.90448
12.65897,65.60734
12.66598,71.03393
12.67298,77.33503
12.67999,84.74141
12.68699,93.50202
12.694,103.9836
12.701,116.5827
12.70626,127.7653
12.71151,140.6832
12.71677,155.6875
12.72202,173.0618
12.72728,193.2528
12.73253,216.6009
12.73778,243.5907
12.74303,274.6967
12.74829,310.4805
12.75354,351.2964
12.7588,397.7731
12.76405,450.1667
12.76931,509.0452
12.77456,574.4591
12.77981,646.6658
12.78506,725.6641
12.79487,890.6948
12.80467,1075.249
12.81448,1273.628
12.82428,1476.49
12.83969,1777.11
12.8474,1905.737
12.8551,2011.562
12.86605,2113.115
12.877,2148.245
12.87939,2146.596
12.88632,2123.016
12.89325,2072.507
12.90018,1997.323
12.90711,1900.698
12.9172,1729.994
12.92729,1536.227
12.94747,1134.927
12.95573,982.6848
12.96398,844.5717
12.97224,723.1009
12.98049,620.1604
12.98875,536.0726
12.997,470.8638
13.00525,423.7748
13.00938,406.738
13.0135,393.9333
13.02084,381.1373
13.02818,380.6556
13.03369,388.0487
13.03919,401.8143
13.04469,421.7385
13.05019,447.5823
13.05616,482.0133
13.06212,522.5919
13.06808,568.835
13.07404,620.0718
13.08001,675.5718
13.08597,734.1547
13.09789,856.0448
13.10982,974.9751
13.12174,1078.464
13.1316,1143.949
13.14145,1185.149
13.152,1198.233
13.15992,1185.913
13.16893,1149.495
13.17794,1091.539
13.18695,1015.778
13.19596,926.8867
13.20739,803.23
13.21882,676.7615
13.23025,556.041
13.24167,447.3242
13.25215,361.0718
13.25739,323.1676
13.26263,288.746
13.26787,257.7166
13.27311,229.9329
13.27835,205.2064
13.28358,183.3586
13.28882,164.0711
13.29406,147.1456
13.2993,132.34
13.30453,119.4426
13.30977,108.1819
13.31501,98.37702
13.32025,89.83874
13.32548,82.40953
13.3312,75.35615
13.33691,69.26501
13.34263,63.96617
13.34834,59.35196
13.35977,51.73336
13.3712,45.7485
13.38263,40.94063
13.39406,36.99656
13.40549,33.7009
13.41691,30.90599
13.42834,28.50052
13.43977,26.40973
13.46262,22.95622
13.48548,20.22209
13.50833,18.0096
13.5331,16.04645
13.55786,14.4264
13.58262,13.07009
13.60738,11.9216
13.63214,10.93968
13.6569,10.09314
13.70642,8.715601
13.75594,7.653434
13.80546,6.818571
13.85498,6.149474
13.9045,5.606438
13.98069,4.960525
14.05688,4.489159
14.13307,4.15035
14.20925,3.918239
14.30068,3.760194
14.3921,3.725199
14.45686,3.777861
14.52162,3.903553
14.58638,4.117387
14.65114,4.444608
14.7159,4.925771
14.74828,5.244753
14.78066,5.634877
14.81304,6.118392
14.84542,6.727992
14.8778,7.51728
14.89399,8.008518
14.91018,8.592111
14.92923,9.448258
14.94828,10.58757
14.95781,11.31602
14.96733,12.18989
14.97685,13.25018
14.98637,14.54564
14.9959,16.13467
15.00542,18.07631
15.01494,20.43609
15.02446,23.27366
15.03399,26.63995
15.04351,30.55274
15.05303,35.00767
15.06255,39.95569
15.07589,47.52557
15.08922,55.43945
15.10256,63.14421
15.11589,70.01004
15.1235,73.34026
15.13325,76.83128
15.143,79.38216
15.15763,81.52951
15.16725,82.08119
15.17686,82.28439
15.18648,82.53934
15.19609,83.33576
15.20281,84.51701
15.20952,86.4553
15.21876,90.80063
15.22799,97.68905
15.23261,102.3186
15.23723,107.8642
15.24185,114.4257
15.24646,122.0877
15.25108,130.9874
15.2557,141.2139
15.26493,166.0273
15.27416,197.3164
15.28339,235.7139
15.28885,261.9459
15.29431,290.8328
15.29977,322.3456
15.30522,356.3281
15.31613,431.2237
15.32704,513.3038
15.33544,579.2477
15.34383,645.2643
15.36062,768.106
15.37043,827.5176
15.38023,872.9739
15.39012,901.6394
15.4,910.9829
15.40848,903.0732
15.41723,879.9329
15.42598,842.8735
15.43473,793.9163
15.44347,735.6835
15.45465,652.1407
15.46582,564.1055
15.477,476.9019
15.48817,395.0912
15.49786,330.827
15.50754,274.0894
15.51723,225.2066
15.52691,184.1522
15.53176,166.348
15.5366,150.299
15.54144,135.86
15.54628,122.9171
15.55113,111.33
15.55597,101.0281
15.56081,91.86971
15.56565,83.74258
15.57087,76.01055
15.57608,69.24083
15.5813,63.29234
15.58651,58.08351
15.59173,53.50032
15.59694,49.4768
15.60737,42.78983
15.6178,37.53758
15.62823,33.35649
15.63866,29.97899
15.64909,27.2103
15.65952,24.9093
15.66995,22.97348
15.68038,21.32786
15.69081,19.91693
15.71167,17.64231
15.73253,15.91948
15.75637,14.44855
15.78021,13.38657
15.7981,12.8098
15.81598,12.39886
15.83386,12.14198
15.85174,12.03539
15.87409,12.12043
15.89644,12.47549
15.91879,13.16077
15.92997,13.65994
15.94114,14.29009
15.95232,15.08264
15.96349,16.07826
15.97467,17.33765
15.98584,18.94092
15.99702,21.00576
16.00819,23.68617
16.01378,25.3233
16.01937,27.19974
16.02496,29.35251
16.03054,31.81857
16.03576,34.45316
16.04097,37.44063
16.04619,40.83699
16.0514,44.6765
16.05662,49.02351
16.06183,53.91222
16.06705,59.41263
16.07226,65.55368
16.07748,72.40635
16.08269,79.98703
16.09312,97.52266
16.10355,118.3258
16.11398,142.3405
16.12441,169.2199
16.13484,198.2749
16.1557,258.4071
16.17214,301.2037
16.18036,318.8115
16.18857,332.8514
16.19929,344.8332
16.21,348.7928
16.22225,343.1402
16.23043,333.573
16.23861,319.8521
16.25497,282.5208
16.26904,243.7862
16.28311,203.227
16.29718,164.3705
16.31124,129.7616
16.32339,104.3392
16.32947,93.29532
16.33554,83.38094
16.34162,74.53099
16.34769,66.72557
16.35377,59.87817
16.35984,53.94366
16.36592,48.83172
16.37199,44.48915
16.37807,40.83489
16.38414,37.82006
16.39022,35.38102
16.39629,33.48068
16.40237,32.07664
16.40844,31.14678
16.41612,30.61927
16.42379,30.80186
16.43146,31.69588
16.43913,33.31849
16.44873,36.417
16.45832,40.75015
16.46791,46.36144
16.4775,53.25156
16.4871,61.36553
16.49669,70.5363
16.51587,90.96685
16.53377,110.095
16.54272,118.5964
16.55167,125.7979
16.55423,127.561
16.56068,131.3299
16.56712,134.0418
16.58,136.0023
16.59358,132.8838
16.60684,125.0502
16.6201,113.4031
16.64331,87.80073
16.66651,61.76752
16.67751,50.87347
16.6885,41.3671
16.694,37.16584
16.69949,33.34466
16.70499,29.88201
16.71048,26.77692
16.71598,23.99988
16.72148,21.53523
16.72698,19.35913
16.73247,17.44978
16.73797,15.77493
16.74346,14.31577
16.74896,13.04304
16.75445,11.93881
16.76178,10.68741
16.76911,9.650429
16.77644,8.789311
16.78377,8.071349
16.7911,7.469294
16.79843,6.960779
16.81309,6.155446
16.82775,5.549738
16.84241,5.077269
16.85707,4.696702
16.87172,4.382249
16.90104,3.889101
16.93035,3.518533
16.95967,3.229414
16.98898,2.998325
17.02807,2.755699
17.06716,2.568926
17.10625,2.424812
17.14533,2.315029
17.18442,2.234315
17.22351,2.179778
17.2626,2.15033
17.30168,2.14661
17.34077,2.171156
17.37986,2.228911
17.41895,2.328243
17.45803,2.483107
17.49712,2.717878
17.51667,2.877883
17.53621,3.076955
17.55576,3.327887
17.5753,3.649544
17.59484,4.072833
17.60461,4.337731
17.61438,4.650346
17.63026,5.295935
17.6382,5.70439
17.64614,6.188672
17.65408,6.767426
17.66202,7.463877
17.66996,8.306607
17.6779,9.330268
17.68584,10.57613
17.69378,12.09232
17.70172,13.93362
17.70966,16.16058
17.7176,18.83788
17.72554,22.03166
17.73348,25.80575
17.74142,30.21698
17.74936,35.30931
17.7573,41.10748
17.76524,47.61028
17.77318,54.7842
17.78906,70.81965
17.80494,88.14709
17.82204,106.3104
17.83913,121.4227
17.85325,129.8233
17.86737,133.3997
17.87,133.4859
17.87792,132.6308
17.88583,130.1454
17.89592,124.782
17.90601,117.2969
17.9161,108.1623
17.92618,97.92886
17.95541,66.9522
17.97002,53.22756
17.97733,47.20247
17.98463,41.82511
17.99243,36.81754
18.00022,32.58612
18.00802,29.10815
18.01581,26.36499
18.02361,24.31091
18.0314,22.90525
18.03919,22.09449
18.04698,21.82514
18.05478,22.04185
18.06257,22.68553
18.07037,23.69599
18.07816,25.00503
18.09375,28.23991
18.10933,31.77752
18.12492,34.97823
18.1405,37.23684
18.15025,37.95967
18.16,38.06285
18.16975,37.52064
18.1795,36.35077
18.1938,33.63018
18.2081,29.99881
18.2354,21.96268
18.24905,18.05961
18.26269,14.55489
18.27179,12.50188
18.28089,10.69691
18.28999,9.14012
18.29909,7.820181
18.30819,6.717724
18.31729,5.808564
18.32639,5.066448
18.33548,4.465814
18.34458,3.980832
18.35368,3.590273
18.36278,3.275199
18.37187,3.020039
18.38097,2.81136
18.39007,2.639208
18.40826,2.374319
18.43036,2.145739
18.45245,1.979262
18.47455,1.851774
18.49664,1.750908
18.54083,1.602236
18.58502,1.500674
18.62921,1.43101
18.6734,1.384987
18.71759,1.357476
18.76177,1.345329
18.81636,1.349636
18.87095,1.37608
18.92554,1.428348
18.98013,1.512877
19.03472,1.640783
19.06202,1.726824
19.08931,1.832478
19.11661,1.9635
19.1439,2.128097
19.17119,2.33882
19.19848,2.615446
19.21928,2.890603
19.24007,3.248523
19.25047,3.471436
19.26087,3.734099
19.27127,4.048019
19.28166,4.428569
19.29206,4.89805
19.30246,5.485436
19.31286,6.230011
19.32325,7.182428
19.32845,7.757474
19.33365,8.410892
19.33885,9.153576
19.34405,9.997496
19.34925,10.95567
19.35445,12.04212
19.35965,13.27171
19.36484,14.65722
19.37004,16.22001
19.37524,17.97386
19.38044,19.93486
19.38564,22.11855
19.39084,24.53936
19.39604,27.21012
19.40643,33.33458
19.41683,40.55023
19.42723,48.83175
19.43763,58.07395
19.44802,68.06315
19.47401,94.11909
19.48701,106.0281
19.50001,115.8553
19.51378,122.9816
19.52755,125.9643
19.53,126.0273
19.5398,124.8527
19.5447,123.4272
19.55949,116.0171
19.57427,104.7651
19.58797,92.0767
19.60716,72.93541
19.62634,54.75745
19.63731,45.56943
19.64827,37.53075
19.65513,33.1169
19.66198,29.18573
19.66883,25.71855
19.67568,22.69482
19.68253,20.08786
19.68938,17.8673
19.69623,16.00119
19.70308,14.45779
19.70994,13.20543
19.71679,12.22047
19.72364,11.4772
19.73049,10.95602
19.73734,10.64159
19.74419,10.52279
19.75104,10.59247
19.75789,10.84703
19.76475,11.28653
19.7716,11.91116
19.77845,12.72416
19.7853,13.72855
19.79215,14.92658
19.799,16.31858
19.80585,17.90189
19.8127,19.66977
19.82709,23.92525
19.84148,28.74008
19.87026,38.66171
19.88396,42.67677
19.89766,45.67301
19.90883,47.12908
19.92,47.57304
19.92858,47.19989
19.93715,46.22156
19.94626,44.56463
19.95537,42.34928
19.97358,36.66966
20,27.14288
20.013,22.61871
20.02599,18.52206
20.03898,14.97833
20.04548,13.43068
20.05197,12.03639
20.05847,10.78739
20.06497,9.679502
20.07147,8.704229
20.07796,7.8529
20.08446,7.11217
20.09095,6.473275
20.09745,5.923234
20.10394,5.453119
20.11415,4.849616
20.12436,4.38215
20.13457,4.021075
20.14477,3.742389
20.15498,3.526321
20.16519,3.358275
20.1856,3.123931
20.20602,2.979068
20.22643,2.891172
20.24684,2.842444
20.26725,2.823031
20.30808,2.851777
20.34891,2.954909
20.38974,3.126987
20.43057,3.372456
20.4714,3.704427
20.51223,4.146436
20.55306,4.737398
20.57347,5.107457
20.59388,5.542278
20.61987,6.216314
20.64585,7.073548
20.65884,7.596008
20.67183,8.201607
20.68482,8.913403
20.69781,9.764208
20.71081,10.80221
20.7238,12.09431
20.73679,13.73976
20.74978,15.87811
20.75628,17.19101
20.76277,18.702
20.76927,20.44999
20.77576,22.46825
20.78226,24.80624
20.78875,27.50426
20.79525,30.6221
20.80174,34.2047
20.80731,37.6966
20.81288,41.6121
20.81845,45.9871
20.82401,50.8469
20.83515,62.18967
20.84628,75.82513
20.85742,91.88392
20.86855,110.3049
20.87969,130.9198
20.89082,153.3091
20.91124,197.123
20.93165,240.7581
20.94588,268.9107
20.9601,294.2225
20.97,310.1411
20.9799,324.902
21.01394,372.9344
21.03462,405.5936
21.05358,438.7117
21.07253,470.7533
21.08632,489.2757
21.1001,500.1336
21.11005,501.6086
21.12,496.8879
21.12747,489.0432
21.14341,460.1348
21.15934,416.6542
21.18016,345.031
21.20097,267.826
21.21901,204.9556
21.22803,176.6827
21.23705,151.0403
21.24607,128.2111
21.25509,108.2313
21.26411,91.01808
21.27313,76.39835
21.28285,63.27789
21.29256,52.57126
21.30228,43.90724
21.31199,36.96568
21.32171,31.42117
21.33142,27.01129
21.34113,23.49676
21.35084,20.68496
21.36056,18.41841
21.37027,16.57886
21.37999,15.0669
21.3897,13.81244
21.39942,12.75722
21.40913,11.86141
21.42855,10.42576
21.45076,9.197535
21.47296,8.274358
21.49517,7.57298
21.51737,7.045995
21.53958,6.666053
21.56178,6.423087
21.58398,6.324352
21.60618,6.403741
21.62561,6.680279
21.63533,6.921548
21.64504,7.254466
21.65476,7.703526
21.66447,8.297473
21.67418,9.072748
21.68389,10.07188
21.69361,11.3448
21.70332,12.94192
21.71303,14.91946
21.72274,17.3308
21.73246,20.22607
21.74217,23.63372
21.75188,27.57184
21.76159,32.03013
21.76853,35.51355
21.77547,39.21581
21.78241,43.1009
21.78935,47.12316
21.79629,51.22782
21.80323,55.35208
21.81017,59.42671
21.8171,63.37256
21.82404,67.12568
21.83098,70.60581
21.83792,73.74235
21.84485,76.46794
21.85114,78.5447
21.85743,80.21031
21.86372,81.44207
21.87,82.22638
21.87735,82.57647
21.8847,82.32826
21.893,81.36985
21.90129,79.76322
21.91787,74.9801
21.95556,60.29376
21.97283,53.53494
21.98147,50.35196
21.9901,47.32269
22.00005,44.00871
22.01,40.86354
22.01871,38.22533
22.02742,35.6741
22.03941,32.2776
22.0514,28.99879
22.06323,25.88463
22.07505,22.9189
22.08688,20.13478
22.0987,17.57818
22.10945,15.47881
22.1202,13.61416
22.13095,11.99319
22.1417,10.61471
22.15245,9.468516
22.15783,8.976931
22.1632,8.537421
22.16858,8.145503
22.17395,7.799664
22.17933,7.495576
22.1847,7.23134
22.19115,6.961662
22.1976,6.739388
22.20405,6.559883
22.2105,6.418888
22.21615,6.323985
22.22179,6.253485
22.22744,6.205112
22.23308,6.177291
22.23873,6.168438
22.24437,6.177369
22.25565,6.244892
22.26694,6.375248
22.27823,6.567545
22.28952,6.824886
22.3008,7.154409
22.31209,7.569369
22.32338,8.088809
22.33467,8.740741
22.34595,9.563916
22.35724,10.61452
22.36853,11.96621
22.37982,13.71753
22.38546,14.78059
22.3911,15.99348
22.39755,17.59114
22.404,19.44672
22.41045,21.59824
22.4169,24.08686
22.42335,26.95633
22.4298,30.25228
22.43625,34.02116
22.4427,38.30899
22.44915,43.15971
22.4556,48.61342
22.46205,54.70423
22.4685,61.45813
22.4814,77.00438
22.4943,95.21068
22.5072,115.7715
22.5201,138.0836
22.5459,184.1682
22.5674,218.4621
22.58001,234.5477
22.59262,246.7109
22.6,251.8577
22.61232,257.1967
22.62859,258.5097
22.64485,254.5823
22.67629,238.3915
22.71088,215.2658
22.74,191.3073
22.74985,181.6756
22.76783,161.8634
22.7858,139.6568
22.8119,105.7254
22.82495,89.37311
22.838,74.19688
22.85105,60.61088
22.8641,48.85663
22.87063,43.69089
22.87715,39.00519
22.88368,34.77185
22.8902,30.98413
22.89673,27.60565
22.90325,24.61843
22.90978,21.98259
22.9163,19.67444
22.92283,17.65489
22.92935,15.89888
22.93588,14.37109
22.9424,13.04811
22.94893,11.89993
22.95545,10.90648
22.96198,10.04352
22.9685,9.294927
22.98155,8.07212
22.9946,7.131056
23.00765,6.393332
23.0207,5.802909
23.03375,5.320388
23.04679,4.918579
23.07126,4.318926
23.09573,3.858828
23.1202,3.494273
23.14466,3.199117
23.16913,2.956194
23.1936,2.754012
23.21807,2.584218
23.24253,2.440671
23.29147,2.21437
23.3404,2.049381
23.38934,1.930284
23.43827,1.847661
23.49047,1.793014
23.54266,1.768848
23.60139,1.775973
23.66011,1.82026
23.71883,1.906104
23.77755,2.042364
23.80691,2.13381
23.83627,2.24425
23.86563,2.377328
23.89499,2.537953
23.92435,2.732777
23.95371,2.970844
23.98307,3.264591
24.01243,3.631562
24.03853,4.039801
24.06463,4.553125
24.09073,5.213641
24.10378,5.619403
24.11683,6.091926
24.12988,6.649334
24.14293,7.31708
24.15598,8.131461
24.16903,9.144683
24.18208,10.43188
24.18861,11.21085
24.19513,12.10041
24.20166,13.12363
24.20818,14.30123
24.2147,15.66242
24.22122,17.23927
24.22816,19.19596
24.23509,21.48558
24.24202,24.16743
24.24895,27.30465
24.25589,30.97209
24.26282,35.23372
24.26975,40.17293
24.27668,45.87053
24.28362,52.41745
24.29055,59.87289
24.29748,68.31729
24.30441,77.81206
24.31135,88.42003
24.31828,100.1382
24.33214,126.934
24.34682,159.8223
24.3615,196.2666
24.37618,234.4138
24.39086,271.7324
24.40065,294.7008
24.41451,322.568
24.42837,342.861
24.43919,352.228
24.45,355.307
24.4575,353.6473
24.46608,347.9958
24.47466,338.5432
24.49181,309.7313
24.5118,264.0891
24.53179,212.6384
24.55087,164.5794
24.56041,142.4422
24.56995,122.0904
24.57949,103.7486
24.58903,87.51911
24.59857,73.39961
24.60811,61.30502
24.61765,51.08995
24.62719,42.57028
24.63673,35.5421
24.64627,29.79736
24.65581,25.13552
24.66535,21.3717
24.67489,18.3414
24.68443,15.90257
24.69397,13.93566
24.70351,12.34225
24.71305,11.04281
24.72259,9.974137
24.73213,9.086613
24.74167,8.341714
24.75121,7.709734
24.76075,7.167872
24.77893,6.325058
24.7971,5.664906
24.81527,5.134656
24.83344,4.700883
24.85162,4.341129
24.86979,4.040338
24.88796,3.787238
24.90613,3.573702
24.94248,3.24259
24.97882,3.015122
25.01516,2.875125
25.0515,2.81974
25.08058,2.845117
25.10512,2.931018
25.12965,3.105835
25.14192,3.243309
25.15418,3.428696
25.16645,3.678854
25.17871,4.015938
25.19098,4.470575
25.20325,5.08143
25.20939,5.460553
25.21552,5.897025
25.22165,6.398946
25.22778,6.974342
25.23392,7.632788
25.24005,8.380851
25.24618,9.228331
25.25231,10.18391
25.25845,11.25773
25.26458,12.45395
25.27684,15.2437
25.28411,17.15957
25.29137,19.27048
25.29955,21.88148
25.30773,24.72583
25.32408,31.00351
25.35679,44.55903
25.37497,51.33388
25.39314,56.44571
25.40657,58.71025
25.42,59.46386
25.4347,58.48428
25.45088,55.35441
25.46706,50.4484
25.49299,40.31395
25.51892,29.59636
25.53189,24.67573
25.54485,20.27791
25.55782,16.47824
25.5643,14.81383
25.57078,13.30334
25.57727,11.94006
25.58375,10.72145
25.59023,9.637086
25.59671,8.677667
25.60319,7.833255
25.60967,7.093615
25.61615,6.448519
25.62263,5.887994
25.62912,5.401811
25.6356,4.982509
25.64208,4.621011
25.64856,4.309777
25.66153,3.811345
25.67449,3.442373
25.68746,3.167379
25.70042,2.960956
25.71338,2.804219
25.72634,2.683962
25.75227,2.518654
25.7782,2.419944
25.80413,2.365584
25.83005,2.344282
25.86819,2.361922
25.90632,2.434562
25.94445,2.573859
25.96352,2.680312
25.98258,2.825022
26.00165,3.026975
26.02071,3.314946
26.03025,3.503879
26.03978,3.73073
26.04931,4.0028
26.05884,4.327727
26.06838,4.713795
26.07791,5.167808
26.08744,5.696941
26.09697,6.306511
26.10651,7.000364
26.11604,7.777085
26.1351,9.56186
26.16713,13.00111
26.18314,14.70497
26.19915,16.21589
26.20983,17.04754
26.2205,17.69605
26.23025,18.10681
26.24,18.33134
26.24975,18.36622
26.2595,18.21699
26.27052,17.84473
26.28153,17.28803
26.30356,15.79129
26.32559,14.10794
26.34761,12.6036
26.36781,11.61377
26.37791,11.30235
26.388,11.12654
26.3981,11.09221
26.40819,11.20459
26.41829,11.46973
26.42838,11.89548
26.43848,12.49577
26.44857,13.28944
26.45867,14.30774
26.46876,15.59088
26.47886,17.19972
26.48895,19.20916
26.49905,21.72542
26.50914,24.87392
26.51603,27.4705
26.52291,30.49428
26.5298,34.02298
26.53668,38.12306
26.54357,42.89092
26.55045,48.40398
26.55733,54.76558
26.56421,62.07668
26.5711,70.45306
26.57798,79.97222
26.58487,90.75922
26.59175,102.8712
26.59864,116.4184
26.60552,131.4181
26.6124,147.9216
26.61928,165.9321
26.63397,209.2391
26.64865,258.2641
26.66058,301.0885
26.67251,345.0502
26.69637,428.9234
26.71014,469.5948
26.7239,500.6908
26.73695,519.0702
26.75,525.207
26.75515,524.1248
26.76956,510.7315
26.78396,483.261
26.80399,426.4903
26.82402,356.5722
26.84183,291.3208
26.85963,229.3974
26.86853,201.0376
26.87743,174.8885
26.88633,151.151
26.89523,129.9142
26.90302,113.3746
26.91081,98.69176
26.9186,85.77495
26.92639,74.50701
26.93418,64.7533
26.94197,56.36953
26.94976,49.20855
26.95754,43.13288
26.96533,37.98909
26.97312,33.65728
26.98091,30.02058
26.9887,26.97463
26.99649,24.42777
27.00428,22.30082
27.01207,20.52637
27.01985,19.04958
27.03098,17.35936
27.04211,16.07322
27.05324,15.11543
27.06436,14.43616
27.07549,14.00546
27.08662,13.81433
27.09775,13.87072
27.10887,14.19947
27.11722,14.65052
27.12556,15.30293
27.13391,16.18916
27.14225,17.34389
27.1506,18.81257
27.15894,20.63956
27.16729,22.88163
27.17563,25.5887
27.18398,28.8237
27.19232,32.63371
27.20067,37.07814
27.20901,42.18816
27.21736,48.00542
27.2257,54.52854
27.23405,61.76459
27.24239,69.66256
27.25686,84.75602
27.27132,101.1093
27.30025,134.1392
27.3136,147.5633
27.32695,158.5538
27.33979,166.0673
27.35262,170.0299
27.36,170.5771
27.37232,168.623
27.38649,162.1239
27.40065,151.6385
27.42159,130.738
27.44253,106.5295
27.46348,82.38703
27.47395,71.19608
27.48442,60.89598
27.49489,51.62244
27.50536,43.44077
27.51583,36.35593
27.5263,30.32489
27.53219,27.36709
27.53808,24.70129
27.54397,22.30868
27.54986,20.16952
27.55575,18.26363
27.56164,16.57086
27.56753,15.07148
27.57342,13.74647
27.57931,12.57773
27.5852,11.54826
27.59109,10.64232
27.59698,9.845399
27.60876,8.527162
27.62054,7.503186
27.63232,6.70191
27.6441,6.068087
27.65588,5.559947
27.66766,5.146419
27.67944,4.804662
27.69122,4.517992
27.71478,4.064515
27.73311,3.790894
27.75143,3.566919
27.78808,3.225121
27.82473,2.983079
27.86138,2.811116
27.89803,2.69212
27.93468,2.615853
27.97133,2.576243
28.00797,2.570038
28.05509,2.609665
28.10221,2.705476
28.14933,2.865756
28.19645,3.106283
28.24357,3.454553
28.26713,3.683017
28.29069,3.959199
28.31425,4.295945
28.33781,4.711675
28.36137,5.234104
28.38493,5.907579
28.40719,6.750467
28.41832,7.280237
28.42944,7.908112
28.44057,8.663705
28.45169,9.583743
28.46282,10.72056
28.47394,12.13867
28.48507,13.92691
28.4962,16.19393
28.50733,19.0763
28.51289,20.79718
28.51845,22.73586
28.52402,24.92166
28.52958,27.3736
28.53514,30.12369
28.5407,33.20146
28.54627,36.64386
28.55183,40.46945
28.55739,44.71494
28.56295,49.41054
28.57342,59.57445
28.58389,71.60407
28.59436,85.62065
28.60483,101.6751
28.6153,119.7253
28.62577,139.6155
28.64671,183.6416
28.66504,224.1714
28.68336,262.6404
28.68859,272.6496
28.70299,296.7212
28.71739,314.1992
28.7287,322.3237
28.74,325.0244
28.7475,323.745
28.75985,316.4018
28.7722,302.9978
28.78236,288.0187
28.79252,270.1306
28.81284,228.4877
28.83011,190.5635
28.84738,153.7396
28.86465,120.4345
28.87328,105.5999
28.88191,92.1105
28.89055,79.99045
28.89918,69.25965
28.90782,59.84788
28.91645,51.70322
28.92509,44.71308
28.93372,38.78789
28.94235,33.80795
28.95098,29.66254
28.95962,26.24203
28.96825,23.45614
28.97689,21.2102
28.98552,19.43288
28.99416,18.05563
29.00279,17.02972
29.01142,16.31365
29.02005,15.87972
29.02818,15.71431
29.03631,15.7803
29.04495,16.10869
29.05358,16.71725
29.06222,17.63268
29.07085,18.88796
29.07949,20.53051
29.08812,22.60947
29.09676,25.19004
29.10539,28.33214
29.11403,32.11236
29.12266,36.59136
29.1313,41.84551
29.13993,47.92051
29.14857,54.8753
29.1572,62.71999
29.16584,71.47485
29.17447,81.0922
29.18971,99.9952
29.20495,120.7752
29.23542,163.5863
29.25167,183.9
29.26589,198.2838
29.2801,208.3076
29.29005,212.2795
29.3,213.5391
29.30747,212.6653
29.3245,205.0039
29.34152,190.3158
29.36158,166.2849
29.38164,138.2975
29.40017,111.9505
29.41869,87.45208
29.42795,76.38253
29.43721,66.25842
29.44647,57.138
29.45573,49.037
29.46577,41.38166
29.4758,34.84489
29.48583,29.32957
29.49586,24.73024
29.50589,20.93401
29.51592,17.8279
29.52595,15.30426
29.53598,13.26448
29.54602,11.61963
29.55605,10.29747
29.56608,9.232576
29.57611,8.37249
29.58614,7.674687
29.59617,7.105242
29.6062,6.637451
29.61623,6.250528
29.63167,5.777179
29.6471,5.41652
29.66254,5.14041
29.67797,4.931206
29.69341,4.77708
29.70884,4.671105
29.7397,4.590378
29.7644,4.653835
29.77675,4.734401
29.78909,4.853861
29.80144,5.020239
29.81379,5.244735
29.82614,5.543327
29.83848,5.937945
29.85083,6.459841
29.86318,7.150064
29.86936,7.575136
29.87553,8.063199
29.8817,8.624171
29.88787,9.26844
29.89405,10.00882
29.90022,10.85563
29.90639,11.82382
29.91256,12.92832
29.91874,14.18723
29.92491,15.61323
29.93108,17.22565
29.93725,19.04223
29.94304,20.94847
29.94883,23.06459
29.96041,27.98057
29.97199,33.88582
29.98356,40.83922
29.99514,48.87274
30.00671,57.93208
30.01829,67.91924
30.02986,78.6218
30.05455,102.4965
30.07924,124.5572
30.09159,133.5326
30.10707,141.8096
30.12254,146.0692
30.13,146.5525
30.13995,145.5716
30.15724,139.6098
30.17453,128.9143
30.19739,109.6216
30.22024,87.65696
30.24134,67.81208
30.25189,58.68644
30.26244,50.30971
30.27299,42.77462
30.28354,36.12257
30.29409,30.35128
30.30463,25.42815
30.31606,20.969
30.32178,19.05133
30.32749,17.32783
30.33321,15.77848
30.33892,14.39473
30.34464,13.15791
30.35035,12.05897
30.35607,11.08119
30.36178,10.21581
30.37321,8.77088
30.38464,7.642481
30.39606,6.762837
30.40749,6.074702
30.41892,5.534637
30.43035,5.108154
30.44177,4.769134
30.4532,4.497097
30.46463,4.277523
30.48748,3.954778
30.51561,3.706319
30.54374,3.572346
30.57187,3.527247
30.6,3.561056
30.62814,3.674179
30.65627,3.876558
30.6844,4.191315
30.69847,4.403918
30.71253,4.664527
30.7266,4.986712
30.74066,5.388998
30.75473,5.89939
30.76879,6.556621
30.78286,7.417948
30.78989,7.948232
30.79692,8.561096
30.80396,9.272126
30.81099,10.09608
30.81802,11.05311
30.82505,12.16504
30.83253,13.54577
30.84,15.16027
30.84748,17.0492
30.85495,19.24691
30.86243,21.80147
30.8699,24.75013
30.87737,28.14109
30.88484,32.01916
30.89232,36.43363
30.89979,41.41215
30.90726,46.99405
30.91473,53.20518
30.92221,60.07072
30.92968,67.5752
30.94462,84.46162
30.95957,103.5748
30.97451,124.2616
31.0044,166.346
31.01671,182.0235
31.02901,195.5635
31.04329,207.6571
31.05757,214.9804
31.07,217.0104
31.07995,215.62
31.09534,208.35
31.11072,195.5165
31.13004,173.3097
31.14936,147.0461
31.18503,97.71258
31.20287,76.25959
31.21179,66.81686
31.2207,58.31834
31.22814,51.95084
31.23557,46.25046
31.243,41.19372
31.25043,36.75787
31.25787,32.9094
31.2653,29.62593
31.27273,26.86715
31.28016,24.59774
31.2876,22.78089
31.29503,21.38839
31.30246,20.38661
31.30989,19.7471
31.31732,19.44391
31.32475,19.45334
31.33218,19.75352
31.33961,20.32394
31.35002,21.53981
31.36042,23.19016
31.37083,25.2193
31.38123,27.55765
31.39164,30.13483
31.40204,32.86099
31.41244,35.64403
31.42284,38.38178
31.44068,42.66566
31.45851,45.98018
31.46446,46.79159
31.47723,47.94446
31.49,48.22738
31.50715,47.19277
31.52578,44.34711
31.5444,40.05123
31.57224,32.03313
31.60008,23.71505
31.61661,19.23735
31.63314,15.3348
31.64141,13.62552
31.64967,12.08403
31.65793,10.70553
31.66619,9.483932
31.67446,8.409237
31.68272,7.473362
31.69099,6.662133
31.69925,5.965036
31.70752,5.367818
31.71578,4.859721
31.72404,4.428421
31.7323,4.063236
31.741,3.739447
31.7497,3.468212
31.7584,3.240777
31.7671,3.049633
31.7845,2.751869
31.8019,2.535916
31.8193,2.375519
31.8367,2.253515
31.87149,2.084605
31.90629,1.98048
31.94109,1.921033
31.97589,1.89841
32.01068,1.911961
32.04026,1.95668
32.06984,2.043329
32.08463,2.109236
32.09942,2.196649
32.11421,2.313304
32.12899,2.470288
32.14378,2.683737
32.15857,2.975619
32.17336,3.375505
32.18076,3.627692
32.18815,3.921492
32.19555,4.263833
32.20294,4.660392
32.21034,5.119257
32.21773,5.646467
32.22513,6.250858
32.23252,6.938106
32.23991,7.715943
32.2473,8.590719
32.25861,10.12916
32.26992,11.92006
32.28123,13.96632
32.29254,16.25768
32.31516,21.45468
32.33777,27.09198
32.35865,32.11482
32.37953,36.30882
32.39693,38.72805
32.40847,39.64662
32.42,39.96117
32.43715,39.29004
32.45284,37.54999
32.46853,34.89914
32.49455,29.14158
32.52057,22.75708
32.53937,18.3782
32.55816,14.52455
32.56756,12.8436
32.57696,11.33875
32.58636,10.01031
32.59575,8.854392
32.60515,7.859431
32.61455,7.014727
32.62395,6.306439
32.63334,5.720433
32.64274,5.240698
32.65213,4.854046
32.66153,4.546401
32.67092,4.306439
32.68249,4.087817
32.69405,3.938825
32.70923,3.826382
32.72441,3.787725
32.73959,3.807174
32.75477,3.8749
32.76995,3.985717
32.78513,4.138228
32.80031,4.334415
32.81549,4.579717
32.83067,4.88369
32.84585,5.261374
32.86103,5.735584
32.87621,6.340385
32.89139,7.12602
32.89898,7.608357
32.90657,8.165474
32.91416,8.811381
32.92175,9.562588
32.92934,10.43839
32.93693,11.46116
32.94489,12.71974
32.95284,14.1999
32.96079,15.94096
32.96874,17.98501
32.97669,20.37805
32.98464,23.16953
32.99259,26.41146
33.00054,30.15725
33.0085,34.466
33.01645,39.3782
33.0244,44.94586
33.03235,51.20906
33.0403,58.19812
33.04825,65.93065
33.06415,83.61487
33.08006,104.0514
33.09596,126.6229
33.11186,150.3545
33.12776,173.8993
33.14222,193.805
33.15812,212.4794
33.17402,226.2746
33.18701,233.053
33.2,235.3296
33.20758,234.5109
33.22346,227.7795
33.23933,214.8581
33.25983,190.9425
33.28032,162.0075
33.31584,110.0907
33.3336,87.00839
33.34248,76.68461
33.35136,67.26217
33.35956,59.38398
33.36776,52.29413
33.37596,45.97312
33.38415,40.39381
33.39235,35.49857
33.40055,31.24322
33.40875,27.57198
33.41694,24.4307
33.42514,21.75435
33.43334,19.49158
33.44154,17.59005
33.44973,16.00323
33.45793,14.68353
33.46613,13.59412
33.47433,12.70087
33.48252,11.97506
33.49345,11.22267
33.50438,10.67375
33.51531,10.29087
33.52624,10.0461
33.53991,9.904642
33.55357,9.924372
33.56723,10.09533
33.58089,10.42088
33.59455,10.91797
33.60821,11.61914
33.62187,12.57626
33.63553,13.8661
33.6451,15.02477
33.65466,16.4466
33.66423,18.19476
33.67379,20.33855
33.68336,22.96973
33.69292,26.18508
33.70248,30.10478
33.71204,34.86158
33.72161,40.60809
33.73117,47.48879
33.74074,55.68027
33.7503,65.32625
33.75987,76.59831
33.76943,89.6041
33.77899,104.4539
33.78855,121.2025
33.79744,138.48
33.80632,157.3202
33.82408,199.2203
33.84184,245.2144
33.8596,292.5489
33.86506,306.8286
33.88419,353.4788
33.90332,390.992
33.91786,410.5624
33.93239,420.7516
33.94,422.0604
33.94508,421.3626
33.95861,413.452
33.97214,397.2331
33.98299,378.9236
33.99384,356.6881
34.01553,303.9842
34.05103,210.3728
34.06878,167.2953
34.07766,147.701
34.08653,129.6468
34.09541,113.1759
34.10428,98.35406
34.11316,85.12961
34.12203,73.47542
34.13091,63.27852
34.13978,54.45417
34.14866,46.86123
34.15753,40.38926
34.16641,34.8951
34.17528,30.26648
34.18416,26.37518
34.19303,23.1217
34.20191,20.40094
34.21078,18.13264
34.21966,16.23639
34.22853,14.65195
34.2379,13.2541
34.24727,12.08727
34.25664,11.10757
34.26601,10.27944
34.27538,9.574249
34.28475,8.969128
34.30348,7.990545
34.32222,7.237863
34.34096,6.645722
34.3597,6.172153
34.37843,5.790042
34.39717,5.480759
34.41591,5.232056
34.45338,4.884586
34.49085,4.706984
34.52832,4.687264
34.55791,4.791507
34.58749,5.025268
34.60229,5.204662
34.61708,5.438098
34.63187,5.740499
34.64666,6.133436
34.66146,6.648655
34.67625,7.330722
34.69104,8.244349
34.69844,8.815333
34.70583,9.479479
34.71323,10.25498
34.72062,11.15856
34.72802,12.21417
34.73541,13.44318
34.74281,14.876
34.7502,16.53863
34.7576,18.46816
34.76499,20.69432
34.7719,23.07906
34.7788,25.78463
34.78571,28.85062
34.79261,32.29967
34.79952,36.17234
34.80642,40.48598
34.81332,45.27138
34.82022,50.54982
34.83403,62.65207
34.84783,76.81376
34.86164,92.9469
34.87544,110.7405
34.90305,149.2222
34.93066,186.2328
34.94644,203.7769
34.96076,215.9395
34.97508,223.6519
34.99,226.3629
34.99995,225.031
35.01614,217.6419
35.03233,204.4257
35.05316,180.7754
35.07398,152.6446
35.09321,125.5536
35.11243,99.73434
35.13165,76.78182
35.14126,66.68286
35.15087,57.57553
35.16129,48.82918
35.1717,41.23308
35.18211,34.7149
35.19252,29.18834
35.20293,24.55311
35.21334,20.7026
35.22375,17.53021
35.23416,14.934
35.24457,12.82002
35.25498,11.10421
35.26539,9.713286
35.2758,8.58479
35.28621,7.666524
35.29662,6.915616
35.30703,6.297388
35.31744,5.784149
35.33026,5.264408
35.34307,4.84016
35.35589,4.487888
35.3687,4.191475
35.39433,3.719766
35.41996,3.361247
35.44559,3.0801
35.47122,2.854877
35.49685,2.67183
35.52247,2.521675
35.57373,2.295093
35.62498,2.140767
35.67624,2.039277
35.72749,1.979322
35.77875,1.954281
35.8236,1.958306
35.86845,1.985788
35.9133,2.03741
35.95815,2.115251
36.003,2.223017
36.04785,2.366535
36.0927,2.55471
36.13754,2.801335
36.17439,3.063188
36.21123,3.399438
36.24807,3.843933
36.26649,4.124697
36.28491,4.460653
36.30333,4.871726
36.32175,5.388688
36.34017,6.059441
36.34938,6.474315
36.35859,6.958102
36.3678,7.526154
36.37701,8.197119
36.38622,8.993426
36.39543,9.94174
36.40464,11.07336
36.41385,12.4245
36.42306,14.03638
36.43227,15.9551
36.43988,17.80779
36.44749,19.93474
36.4551,22.3675
36.46271,25.13812
36.47032,28.27835
36.47793,31.81867
36.48554,35.78711
36.49314,40.20186
36.50075,45.09369
36.50836,50.46965
36.52357,62.67359
36.53879,76.74271
36.554,92.381
36.58284,124.4547
36.61167,155.073
36.62448,166.5172
36.63978,177.3694
36.65508,184.4521
36.67,187.2792
36.67747,187.1321
36.69119,184.2216
36.7049,178.1813
36.72488,164.9147
36.74486,148.4665
36.76359,132.6204
36.78232,118.7862
36.79169,113.3275
36.80105,109.1916
36.81042,106.5994
36.81978,105.7606
36.8329,107.8578
36.84601,114.1003
36.85913,124.7309
36.87224,139.8012
36.88536,159.209
36.89847,182.5788
36.91158,209.3351
36.92469,238.6369
36.94217,279.7616
36.95965,320.3457
36.97714,356.9263
36.99462,386.0166
37.00849,401.8114
37.02235,409.9764
37.03,410.9906
37.0351,410.2602
37.05401,397.9176
37.07291,371.7233
37.09355,330.7856
37.11418,281.9913
37.15356,185.9705
37.17325,143.8012
37.1831,125.1362
37.19294,108.2643
37.20279,93.18069
37.21264,79.87543
37.22249,68.2743
37.23233,58.27811
37.24218,49.73496
37.25202,42.51777
37.26187,36.46279
37.27171,31.43589
37.28156,27.28797
37.2914,23.90008
37.30125,21.15134
37.31109,18.94808
37.32094,17.201
37.33078,15.84289
37.34063,14.81281
37.35047,14.06591
37.36548,13.38719
37.38048,13.17827
37.39548,13.36442
37.41048,13.88528
37.43205,15.10505
37.45362,16.70608
37.47519,18.45578
37.49675,20.08791
37.51363,21.1127
37.5305,21.79786
37.55,22.07827
37.56707,21.8529
37.5816,21.34496
37.59612,20.60762
37.6061,20.01096
37.61608,19.37954
37.62606,18.75154
37.63603,18.16913
37.64601,17.6755
37.65599,17.31792
37.66597,17.14478
37.67594,17.20567
37.68659,17.58619
37.69391,18.06835
37.70123,18.75363
37.70855,19.66212
37.71586,20.8117
37.72318,22.22439
37.7305,23.91653
37.73782,25.90424
37.74513,28.19816
37.75245,30.81578
37.75977,33.762
37.7744,40.64502
37.78904,48.8241
37.80367,58.15766
37.83294,79.22011
37.86221,100.5426
37.87951,111.4547
37.8968,119.9305
37.91092,124.4902
37.92503,126.5964
37.93,126.7232
37.94244,125.6227
37.95813,121.4416
37.97381,114.4691
37.99474,101.7547
38.01566,86.6405
38.05451,57.77174
38.07394,45.04369
38.08365,39.39088
38.09336,34.25672
38.10233,29.98388
38.1113,26.15803
38.12027,22.76465
38.12923,19.7845
38.1382,17.18291
38.14716,14.934
38.15613,12.99895
38.16509,11.34785
38.17406,9.943327
38.18303,8.755249
38.192,7.753687
38.20096,6.912201
38.20993,6.204478
38.21889,5.610589
38.22786,5.110497
38.23682,4.689294
38.24579,4.33244
38.25476,4.029031
38.26373,3.769586
38.27269,3.546521
38.29062,3.184115
38.30855,2.903806
38.32649,2.680613
38.34442,2.49856
38.36235,2.346846
38.38028,2.218319
38.39822,2.107992
38.41615,2.012478
38.45201,1.855986
38.48787,1.734583
38.52373,1.639471
38.55362,1.576074
38.58351,1.524629
38.64328,1.451495
38.70305,1.411945
38.76282,1.402775
38.81064,1.417617
38.85846,1.45443
38.90628,1.51761
38.9541,1.614981
38.97801,1.680459
39.00192,1.760398
39.02583,1.858439
39.04974,1.979838
39.07365,2.132559
39.09756,2.329353
39.10952,2.450539
39.12147,2.591709
39.13342,2.75818
39.14537,2.956888
39.15584,3.164656
39.1663,3.411912
39.17676,3.708916
39.18722,4.068298
39.19768,4.505733
39.20814,5.040424
39.2186,5.695574
39.22906,6.498765
39.23952,7.482203
39.24998,8.682729
39.26044,10.14153
39.2709,11.90342
39.28136,14.01568
39.29182,16.52629
39.30228,19.48162
39.31274,22.9235
39.32395,27.19057
39.33516,32.08172
39.34637,37.60239
39.35758,43.73151
39.38,57.57196
39.40241,72.7595
39.42632,88.90245
39.45023,102.902
39.45919,107.1464
39.47462,112.7437
39.49005,115.8389
39.5,116.3921
39.50995,115.7879
39.52994,111.1911
39.54992,102.6166
39.57244,89.46301
39.59495,74.36034
39.61559,60.32049
39.63623,47.2546
39.64655,41.33476
39.65687,35.90534
39.66719,30.99753
39.67751,26.6214
39.68736,22.9334
39.69721,19.70357
39.70706,16.90381
39.71691,14.49977
39.72676,12.4534
39.73661,10.7251
39.74646,9.275477
39.75631,8.066738
39.76616,7.063656
39.77601,6.234196
39.78586,5.549851
39.79571,4.985726
39.80556,4.520448
39.81541,4.135942
39.82526,3.817126
39.8351,3.551815
39.85105,3.209524
39.867,2.948195
39.88295,2.744972
39.89889,2.584209
39.91484,2.454927
39.93079,2.349833
39.94674,2.263792
39.96268,2.193239
39.99458,2.08881
40.02647,2.02346
40.05837,1.990549
40.09026,1.988107
40.12404,2.022353
40.15781,2.108696
40.1747,2.181276
40.19158,2.282758
40.20847,2.424104
40.22535,2.619942
40.24224,2.889861
40.25912,3.257563
40.26757,3.487066
40.27601,3.751544
40.28445,4.055081
40.29289,4.401457
40.30134,4.794761
40.30978,5.237306
40.32666,6.28158
40.34355,7.547431
40.36043,9.027416
40.38014,10.98678
40.39984,13.10423
40.41954,15.24049
40.43924,17.22035
40.45987,18.92307
40.4805,20.05922
40.5,20.49489
40.5195,20.27332
40.53716,19.54146
40.55482,18.39171
40.57489,16.73408
40.59495,14.90669
40.61501,13.12235
40.63507,11.57452
40.64791,10.78418
40.66075,10.19372
40.67119,9.883162
40.68162,9.741991
40.69206,9.785467
40.70249,10.02905
40.71293,10.48914
40.72336,11.18116
40.73379,12.12198
40.74422,13.32776
40.75466,14.81493
40.76509,16.59304
40.77552,18.67171
40.78595,21.05357
40.79639,23.73645
40.80682,26.70116
40.82768,33.37337
40.89188,55.8578
40.90793,60.48722
40.92398,64.17327
40.93699,66.35384
40.95,67.77722
40.9647,68.51819
40.99073,68.08555
41.01819,66.82683
41.03192,66.70789
41.04565,67.43051
41.05833,69.16324
41.071,72.18182
41.08262,76.26014
41.09424,81.70669
41.10586,88.57327
41.11748,96.84442
41.1291,106.4317
41.14072,117.1717
41.16395,141.0876
41.2062,184.9636
41.22205,198.4701
41.23789,209.0723
41.26,218.28
41.2675,219.9231
41.28685,221.1891
41.30619,219.5129
41.33425,216.7158
41.34828,217.461
41.3623,220.979
41.37726,228.689
41.39784,246.991
41.41841,274.1852
41.43898,308.4903
41.45955,346.3338
41.46704,360.0662
41.48294,387.469
41.49883,410.4573
41.5194,430.1136
41.54,435.1879
41.54515,433.9455
41.5609,423.8596
41.57664,404.7917
41.59535,372.1136
41.61405,331.4029
41.64612,252.8969
41.66216,213.9099
41.67819,177.4076
41.69556,141.9441
41.70425,126.0664
41.71293,111.519
41.72162,98.27912
41.7303,86.35859
41.73899,75.68737
41.74767,66.22849
41.75636,57.8843
41.76504,50.58862
41.77373,44.23355
41.78241,38.7407
41.7911,34.0051
41.79978,29.94866
41.80846,26.48153
41.81714,23.52585
41.8265,20.83026
41.83585,18.56954
41.84521,16.66907
41.85456,15.07261
41.86392,13.72517
41.87327,12.58612
41.88262,11.61755
41.89197,10.78931
41.91068,9.458635
41.92938,8.447165
41.94809,7.656207
41.96679,7.02294
41.9855,6.504924
42.00421,6.07472
42.04162,5.40767
42.07903,4.926557
42.11644,4.579861
42.14851,4.366394
42.18057,4.217609
42.21264,4.126058
42.2447,4.087748
42.28479,4.113003
42.32487,4.222986
42.36496,4.428558
42.40504,4.750439
42.42509,4.965659
42.44513,5.225297
42.46517,5.538515
42.48521,5.917818
42.50526,6.381268
42.5253,6.954645
42.54534,7.678009
42.56538,8.613314
42.57674,9.27264
42.5881,10.05521
42.59946,10.99297
42.61081,12.12566
42.62217,13.50695
42.63353,15.20074
42.64489,17.28715
42.65624,19.86131
42.6676,23.04456
42.67896,26.97215
42.69032,31.80178
42.70167,37.70436
42.71303,44.88232
42.72439,53.53281
42.73575,63.85892
42.7471,76.04201
42.75646,87.61285
42.76581,100.6274
42.77516,115.1463
42.78451,131.1865
42.80322,167.7189
42.82192,209.439
42.83662,244.8832
42.85132,281.431
42.88071,351.8603
42.89808,387.4032
42.91545,415.0355
42.93008,430.482
42.9447,437.7509
42.95,438.2658
42.95265,438.0953
42.96003,436.1212
42.9674,431.978
42.98214,417.4776
43.00291,384.6424
43.02367,340.8888
43.05864,255.5692
43.07613,213.1086
43.09361,173.6799
43.10891,142.7303
43.12421,115.6519
43.13951,92.61056
43.14716,82.57791
43.15481,73.49573
43.16246,65.31985
43.17011,57.99859
43.17776,51.47499
43.18541,45.68883
43.19306,40.57842
43.20071,36.08211
43.20836,32.13958
43.21601,28.69282
43.22366,25.68691
43.23131,23.07055
43.23896,20.79644
43.24661,18.82139
43.25426,17.10644
43.26191,15.61672
43.26956,14.32129
43.27721,13.19295
43.28486,12.20792
43.29251,11.34558
43.30781,9.92031
43.32311,8.803379
43.33841,7.912394
43.35371,7.188447
43.36901,6.589708
43.38431,6.086509
43.39961,5.657704
43.41491,5.288064
43.43021,4.966453
43.46081,4.436185
43.49142,4.021294
43.52202,3.694333
43.55262,3.43754
43.58322,3.23979
43.61382,3.094809
43.64442,3.000822
43.67502,2.961652
43.70562,2.990314
43.73513,3.110628
43.74989,3.221359
43.76464,3.380022
43.7794,3.602834
43.79415,3.91111
43.8089,4.333511
43.82365,4.906707
43.83103,5.264021
43.83841,5.676965
43.84579,6.1527
43.85316,6.698125
43.86054,7.322874
43.86792,8.034799
43.8753,8.84271
43.88267,9.75422
43.89005,10.78065
43.89743,11.92942
43.90481,13.20857
43.91218,14.62333
43.92693,17.89004
43.94168,21.75947
43.95207,24.84676
43.96245,28.21541
43.98321,35.69057
44.02474,52.07323
44.04769,60.44512
44.07064,67.04364
44.08156,69.28835
44.09455,71.06091
44.10754,71.77927
44.11,71.79283
44.11739,71.5978
44.12478,71.0521
44.1378,69.26675
44.15081,66.51055
44.17308,59.92418
44.19535,51.72435
44.23754,35.05125
44.25864,27.48598
44.26919,24.08956
44.27973,20.99064
44.2938,17.33163
44.30786,14.21868
44.32193,11.62035
44.32896,10.5021
44.33599,9.494861
44.34479,8.379291
44.35358,7.412366
44.36237,6.5778
44.37116,5.860959
44.37995,5.247836
44.38874,4.725287
44.39753,4.281193
44.40632,3.904557
44.41511,3.585537
44.4239,3.315437
44.43269,3.086663
44.44148,2.892654
44.45906,2.587325
44.47664,2.364185
44.49423,2.198471
44.51181,2.073497
44.52939,1.977813
44.54697,1.90386
44.58213,1.802691
44.61729,1.746532
44.65479,1.724321
44.69699,1.739487
44.73918,1.796289
44.78138,1.899311
44.82357,2.059657
44.84467,2.167532
44.86577,2.299213
44.88687,2.460932
44.90796,2.661871
44.92906,2.916523
44.95016,3.24744
44.96071,3.452116
44.97126,3.69096
44.98181,3.972013
44.99235,4.305054
45.0029,4.703378
45.01345,5.182431
45.024,5.761569
45.03455,6.464345
45.0451,7.31906
45.05565,8.35925
45.0662,9.624037
45.07674,11.15667
45.08729,13.01045
45.09784,15.23948
45.10839,17.90323
45.11894,21.06352
45.12949,24.7824
45.14004,29.11922
45.15059,34.12717
45.16113,39.8435
45.17227,46.69117
45.1834,54.36941
45.19454,62.87253
45.20567,72.13107
45.22794,92.53371
45.25021,114.3458
45.276,138.9481
45.30178,159.5648
45.30647,162.6188
45.31945,169.659
45.33242,174.3831
45.35,176.7281
45.36005,175.8952
45.37684,171.052
45.39362,162.2524
45.41546,145.9911
45.4373,126.1025
45.47762,86.8819
45.49778,68.88071
45.50786,60.70246
45.51794,53.16091
45.52718,46.83692
45.53642,41.08678
45.54566,35.90621
45.5549,31.27927
45.56414,27.18067
45.57338,23.57806
45.58262,20.43421
45.59186,17.70895
45.6011,15.36088
45.61034,13.34879
45.61958,11.63275
45.62882,10.17501
45.63806,8.940597
45.6473,7.897626
45.65654,7.01753
45.66577,6.275794
45.67501,5.648797
45.68425,5.11841
45.69349,4.668419
45.70273,4.285122
45.71197,3.957038
45.72121,3.674625
45.73969,3.216681
45.75817,2.863779
45.77665,2.584294
45.79513,2.357302
45.8136,2.169
45.83208,2.009825
45.85056,1.873436
45.88752,1.651936
45.92448,1.480361
45.96143,1.344502
45.98831,1.262722
46.01519,1.192433
46.06895,1.079133
46.12271,0.9938754
46.17646,0.9300395
46.23022,0.8834547
46.28397,0.8516395
46.33773,0.833338
46.39148,0.8284453
46.44188,0.8370099
46.49228,0.8605484
46.54268,0.903262
46.59307,0.9729573
46.61827,1.022291
46.64347,1.085382
46.66867,1.167596
46.69386,1.277888
46.70646,1.348099
46.71906,1.431956
46.73166,1.533283
46.74426,1.657117
46.75686,1.810036
46.76946,2.000552
46.78206,2.239522
46.79465,2.540327
46.80473,2.837046
46.81481,3.194448
46.82489,3.624283
46.83497,4.139822
46.84505,4.755783
46.85513,5.488164
46.86521,6.353954
46.87529,7.370703
46.88537,8.555955
46.89545,9.926519
46.90553,11.4976
46.91561,13.2818
46.92569,15.28804
46.93577,17.52039
46.94585,19.97697
46.95592,22.64616
46.9744,28.04226
46.99288,33.92193
47.02983,45.94423
47.03655,47.98673
47.05503,53.05546
47.07351,57.00438
47.08359,58.56105
47.0968,59.87318
47.11,60.30549
47.12478,59.72381
47.13956,58.05142
47.15433,55.38798
47.17758,49.56299
47.20083,42.42155
47.24187,29.08744
47.26239,23.02839
47.27265,20.28793
47.2829,17.7703
47.29385,15.33507
47.30479,13.16707
47.31573,11.25861
47.32667,9.59782
47.33762,8.166814
47.34856,6.948267
47.3595,5.91905
47.37044,5.056861
47.38139,4.339185
47.39233,3.746523
47.40327,3.258983
47.41421,2.859326
47.42515,2.532375
47.43609,2.265028
47.44703,2.046165
47.45797,1.866489
47.46823,1.726751
47.47849,1.609547
47.49901,1.426617
47.51953,1.292676
47.54004,1.191673
47.56056,1.113294
47.58108,1.051103
47.62211,0.9600363
47.66315,0.8991028
47.70418,0.8590239
47.74521,0.8348204
47.78624,0.823764
47.83822,0.8266448
47.89019,0.848163
47.94217,0.8904569
47.99414,0.9588918
48.02013,1.006028
48.04612,1.064598
48.07211,1.138106
48.09809,1.232127
48.12408,1.356197
48.13708,1.43428
48.15007,1.526825
48.16307,1.638076
48.17606,1.773295
48.18905,1.939705
48.20204,2.14661
48.21299,2.361191
48.22393,2.621622
48.23487,2.938765
48.24581,3.325307
48.25676,3.796551
48.2677,4.368678
48.27864,5.061255
48.28958,5.895399
48.30053,6.894767
48.31147,8.081154
48.32241,9.479081
48.33335,11.11122
48.3443,12.99974
48.35524,15.15762
48.36618,17.59726
48.37712,20.32211
48.38738,23.13191
48.39764,26.17463
48.41816,32.86045
48.45919,47.40407
48.48244,55.11264
48.50569,61.35488
48.5221,64.44106
48.53605,66.01933
48.55,66.55156
48.56478,65.9462
48.57956,64.17427
48.59433,61.33962
48.61758,55.11648
48.64082,47.45623
48.68185,33.04664
48.70236,26.44794
48.72287,20.68714
48.73382,18.00848
48.74476,15.61824
48.7557,13.51045
48.76664,11.67451
48.77758,10.09441
48.78852,8.750368
48.79946,7.620413
48.8104,6.681695
48.82134,5.911608
48.83228,5.288662
48.84322,4.793134
48.85416,4.407524
48.8651,4.11684
48.87604,3.908772
48.88698,3.773767
48.89792,3.70507
48.90955,3.700392
48.92117,3.764944
48.9328,3.901349
48.94442,4.115728
48.95605,4.418849
48.96767,4.824831
48.9793,5.353513
48.99092,6.027751
49.00255,6.877211
49.01417,7.933476
49.0258,9.235615
49.03742,10.82198
49.04905,12.73812
49.06067,15.02395
49.07229,17.72236
49.08391,20.87019
49.09622,24.72739
49.10853,29.1422
49.12084,34.11637
49.13315,39.62812
49.15777,52.03776
49.18238,65.60819
49.20973,80.56466
49.23708,93.34615
49.24802,97.36492
49.26273,101.4769
49.27744,103.9086
49.29,104.5512
49.30005,104.0921
49.31586,101.6543
49.33166,97.26982
49.35322,88.65384
49.37478,77.87005
49.41251,56.98051
49.43138,46.91093
49.45024,37.74188
49.46776,30.27196
49.47652,26.95249
49.48528,23.91547
49.49404,21.15792
49.5028,18.67222
49.51156,16.447
49.52031,14.47006
49.52907,12.72051
49.53783,11.18298
49.54659,9.838999
49.55535,8.669971
49.56411,7.657632
49.57287,6.784429
49.58163,6.033798
49.59038,5.391041
49.5978,4.919321
49.60521,4.507151
49.61262,4.146822
49.62003,3.832003
49.62744,3.557046
49.63485,3.316959
49.64226,3.107365
49.64967,2.924467
49.66449,2.62624
49.67931,2.402013
49.69413,2.238396
49.70895,2.127944
49.72378,2.068445
49.7386,2.062618
49.75342,2.117614
49.76083,2.171385
49.76824,2.245059
49.77565,2.340753
49.78306,2.460831
49.79047,2.607894
49.79788,2.784756
49.80529,2.994423
49.8127,3.240058
49.82011,3.524947
49.82752,3.852448
49.8383,4.411939
49.84908,5.079011
49.85986,5.863317
49.87064,6.773456
49.87873,7.543454
49.88681,8.389489
49.90298,10.31876
49.91915,12.56233
49.93532,15.1051
49.95149,17.9146
49.96766,20.94144
49.99999,27.37809
50.00001,53.35931
60,48.44813
72,43.9713
85,40.24167
100,36.88371
125,32.70575
150,29.63071
170,27.68125
200,25.3317
250,22.41356
300,20.27041
350,18.61307
400,17.28342
500,15.26377
600,13.7859
700,12.64688
800,11.7361
900,10.98756
1000,10.35911
1250,9.147599
1500,8.26893
1700,7.718956
2000,7.064891
2500,6.26888
3000,5.698661
3500,5.268015
4000,4.930333
5000,4.43346
6000,4.084702
7000,3.826203
8000,3.62694
9000,3.468683
10000,3.339982
12500,3.103385
15000,2.94164
17000,2.844429
20000,2.732182
25000,2.598071
30000,2.500765
35000,2.4238
40000,2.35953
42375.09,2.332129
42375.11,2.327909
42375.13,2.327908
43000,2.314247
45000,2.270521
47434.16,2.217304
50000,2.165307
55000,2.063982
60000,1.970431
65000,1.884619
70000,1.807588
72456.88,1.769737
80000,1.664973
84348.59,1.608954
84348.6,1.608954
85000,1.600563
87464.28,1.568818
90000,1.539025
95000,1.480278
96800.04,1.460907
96800.05,1.460906
100000,1.42647
105000,1.372661
109753.6,1.324946
109753.7,1.324945
110000,1.322473
115000,1.272285
122474.5,1.203176
125000,1.181844
130000,1.139611
137430.1,1.082453
140000,1.064656
144095.5,1.036294
144095.6,1.036293
144913.8,1.030627
150000,0.9982578
160000,0.9413686
163375.2,0.9248437
163375.3,0.9248432
170000,0.8924088
180000,0.8504407
190000,0.8146095
190085.6,0.8143489
190085.7,0.8143486
200000,0.784162
214819.9,0.7480039
220000,0.7363256
240000,0.6991434
242000.1,0.695946
242000.2,0.6959458
245012.6,0.6911302
245012.7,0.69113
250000,0.6831572
260000,0.667171
267103.9,0.6566857
267104,0.6566856
280000,0.6376513
299999.9,0.6081316
300000,0.6081315
300000.1,0.6081314
301245,0.6063922
301245.1,0.6063921
320000,0.5801911
340000,0.5548091
346431.7,0.5475417
346431.8,0.5475415
350000,0.5435097
360000,0.5322103
369864.8,0.5210636
380000,0.5110772
384589.4,0.5065551
384589.5,0.506555
400000,0.4913707
420000,0.47409
429883.7,0.4655501
440000,0.457844
450000,0.4502265
460000,0.442609
480000,0.4291333
489897.9,0.4224643
500000,0.4164586
520000,0.4045687
540000,0.3942676
549909.1,0.3891639
560000,0.3846
580000,0.3755545
589915.2,0.3710701
600000,0.3669558
624499.8,0.3569605
650000,0.3474137
674536.9,0.3382276
700000,0.32936
750000,0.3106888
787195.9,0.2955579
800000,0.2904161
812217.3,0.28551
850000,0.2705387
887230.8,0.255786
900000,0.2510154
937245.4,0.2371006
950000,0.2326546
987258.5,0.2196672
1000000,0.2154099
1042580,0.2011827
1080517,0.1896628
1100000,0.184333
1124190,0.1777156
1161477,0.1684796
1200000,0.1597235
1249000,0.1504255
1300000,0.1416688
1349074,0.1341558
1400000,0.1270412
1449138,0.1209251
1500000,0.1151035
1574392,0.1077352
1600000,0.105468
1624435,0.1033047
1700000,0.09730596
1774462,0.09201866
1800000,0.09035682
1849324,0.08714714
1900000,0.08412473
1949359,0.08118087
2000000,0.07839531
2085160,0.07371101
2161034,0.06993325
2200000,0.06810242
2248381,0.06582923
2348357,0.06148053
2400000,0.05943082
2448509,0.0575055
2500000,0.05563234
2548489,0.05386839
2600000,0.0521351
2698148,0.04883252
2700000,0.04877611
2800000,0.04573028
2848714,0.04424653
2948699,0.04140892
3000000,0.0400352
3110369,0.03707979
3203509,0.03481183
3306399,0.03253557
3401823,0.03061448
3500000,0.02880217
3611270,0.02674817
3704759,0.02517656
3807613,0.02359502
3902621,0.02225676
4000000,0.02098753
4059327,0.02021426
4165275,0.01891813
4281861,0.0176215
4389576,0.01653069
4500000,0.0155074
4620105,0.01449099
4747323,0.01351255
4890103,0.01252034
5000000,0.0118243
5120568,0.01116365
5283238,0.01035224
5426775,0.009703857
5500000,0.009395054
5620951,0.00894142
5807384,0.008301706
6000000,0.00770776
6213834,0.007178608
6391695,0.006779802
6391696,0.0067798
6403176,0.006754059
6440530,0.006675834
6500000,0.006551295
6745369,0.00613783
7000000,0.00575046
7245688,0.00544961
7500000,0.0051645
7871959,0.004851335
8000000,0.004751225
8372144,0.004523971
8500000,0.004450662
9000000,0.00421728
9500000,0.004037149
9746794,0.003948239
10000000,0.003863481
10500000,0.003696112
11000000,0.003543955
11500000,0.00341037
11953760,0.00330085
11953810,0.003300838
12000000,0.00328969
12500000,0.00318693
13000000,0.00308417
13500000,0.00298141
13747730,0.002930497
14000000,0.002883213
14500000,0.002789495
15000000,0.00270296
15500000,0.002628005
16000000,0.00257623
16500000,0.002558848
17000000,0.002541465
17500000,0.00252843
18000000,0.002515395
18500000,0.002491466
18619590,0.002485742
19000000,0.002467536
19500000,0.002443607
20000000,0.002419677
20500000,0.002395748
21000000,0.002371818
21494190,0.002348167
21500000,0.002347906
22000000,0.002325415
22500000,0.002297283
23000000,0.00226915
23500000,0.0022334
24000000,0.00219765
24500000,0.002148983
25000000,0.002100316
25500000,0.002041056
26000000,0.001981795
26500000,0.001918487
27000000,0.001855178
27500000,0.001786022
27746580,0.001751917
28000000,0.00171879
28500000,0.001645181
28746700,0.001608862
29000000,0.001573804
29500000,0.001498087
29746810,0.001460712
30000000,0.00142485
