incident energy,cross_section
1E-05,58.74666
1.0625E-05,56.99265
1.125E-05,55.38692
1.1875E-05,53.90968
1.25E-05,52.54468
1.375E-05,50.09941
1.5E-05,47.96657
1.625E-05,46.08482
1.75E-05,44.40847
1.875E-05,42.90268
2E-05,41.54037
2.1875E-05,39.72022
2.375E-05,38.12012
2.5625E-05,36.69903
2.75E-05,35.42587
2.9375E-05,34.27665
3.125E-05,33.23247
3.3125E-05,32.27826
3.5E-05,31.40179
3.875E-05,29.84374
4.25E-05,28.49676
4.625E-05,27.31711
5E-05,26.2728
5.3125E-05,25.4884
5.625E-05,24.77031
5.9375E-05,24.10968
6.25E-05,23.49924
6.875E-05,22.40572
7.5E-05,21.4519
8.125E-05,20.61038
8.75E-05,19.86071
9.375E-05,19.18732
0.0001,18.57809
0.00010625,18.02345
0.0001125,17.51569
0.00011875,17.04857
0.000125,16.61693
0.0001375,15.84371
0.00015,15.16927
0.0001625,14.57424
0.000175,14.04416
0.0001875,13.56802
0.0002,13.13724
0.00021875,12.5617
0.0002375,12.05573
0.00025625,11.60637
0.000275,11.2038
0.00029375,10.84041
0.0003125,10.51024
0.00033125,10.20851
0.00035,9.931371
0.0003875,9.438719
0.000425,9.012807
0.0004625,8.63981
0.0005,8.30961
0.00053125,8.061591
0.0005625,7.834542
0.00059375,7.625665
0.000625,7.432659
0.0006875,7.086917
0.00075,6.785359
0.0008125,6.519313
0.000875,6.282315
0.0009375,6.06944
0.001,5.876854
0.0010625,5.701529
0.001125,5.54103
0.0011875,5.39338
0.00125,5.25695
0.001375,5.012559
0.0015,4.799399
0.001625,4.611338
0.00175,4.443808
0.001875,4.293326
0.002,4.157185
0.0021875,3.975301
0.002375,3.815421
0.0025625,3.673445
0.00275,3.546269
0.0029375,3.431491
0.003125,3.327219
0.0033125,3.231939
0.0035,3.144425
0.003875,2.988849
0.00425,2.854327
0.004625,2.736509
0.005,2.632222
0.0053125,2.553915
0.005625,2.482255
0.0059375,2.416353
0.00625,2.355473
0.006875,2.246425
0.0075,2.15129
0.008125,2.067335
0.00875,1.992542
0.009375,1.925377
0.01,1.864646
0.010625,1.8094
0.01125,1.75887
0.011875,1.712422
0.0125,1.669524
0.01375,1.592672
0.015,1.525588
0.01625,1.466378
0.0175,1.413647
0.01875,1.366314
0.02,1.323523
0.021325,1.282365
0.02265,1.244902
0.023975,1.210624
0.0253,1.179123
0.02684375,1.145476
0.0283875,1.114669
0.031475,1.059966
0.0345625,1.012663
0.03765,0.9713293
0.0407375,0.9348459
0.043825,0.9023405
0.0469125,0.8731447
0.05,0.8467371
0.053125,0.8224254
0.05625,0.8002095
0.059375,0.7798394
0.0625,0.7611013
0.06875,0.7275311
0.075,0.6982032
0.08125,0.6724005
0.0875,0.6494872
0.09375,0.6289704
0.1,0.6104671
0.10625,0.593675
0.1125,0.5783524
0.11875,0.5643178
0.125,0.5514659
0.1375,0.5284741
0.15,0.508451
0.1625,0.4909107
0.175,0.4753991
0.1875,0.461571
0.2,0.4492047
0.21875,0.4328188
0.2375,0.4185396
0.25625,0.4060217
0.275,0.3949584
0.29375,0.3851129
0.3125,0.3762997
0.33125,0.3683711
0.35,0.3612591
0.3875,0.3488905
0.425,0.3385456
0.5,0.3225695
0.625,0.3053315
0.75,0.2956742
0.875,0.291192
1,0.2905676
1.25,0.2984396
1.375,0.3065081
1.5,0.3173197
1.75,0.3479661
1.875,0.3685377
2,0.3933945
2.143788,0.4283416
2.287575,0.4717486
2.431363,0.5261055
2.57515,0.5949683
2.718938,0.6830466
2.790832,0.7365448
2.862725,0.7985928
2.934619,0.8705391
3.006513,0.9545822
3.078407,1.053579
3.1503,1.171292
3.217701,1.303105
3.285101,1.461404
3.352502,1.653839
3.419902,1.88999
3.487303,2.182574
3.521003,2.359063
3.554703,2.559453
3.588404,2.788213
3.622104,3.050995
3.655804,3.354965
3.689504,3.709288
3.725451,4.156186
3.761398,4.693114
3.797345,5.346172
3.833292,6.150253
3.869239,7.152359
3.887213,7.75101
3.905186,8.432578
3.92316,9.213097
3.941133,10.1117
3.959106,11.15306
3.977079,12.36921
3.9973,13.99916
4.01752,15.98445
4.03774,18.43785
4.05796,21.51975
4.06807,23.36602
4.07818,25.4665
4.08829,27.87181
4.0984,30.64681
4.10851,33.87543
4.11862,37.66745
4.12873,42.16835
4.13884,47.57506
4.149512,54.56944
4.160184,63.35007
4.16552,68.62263
4.170856,74.64315
4.176192,81.57527
4.181527,89.63162
4.186863,99.09901
4.192199,110.355
4.197535,123.9076
4.202871,140.4368
4.208207,160.8463
4.213543,186.3212
4.218879,218.3843
4.221547,237.4662
4.224214,258.9324
4.226882,283.099
4.22955,310.2818
4.232218,340.8242
4.234886,375.0854
4.237554,413.4347
4.240222,456.244
4.24289,503.8776
4.245558,556.6818
4.248226,614.9713
4.250894,679.0144
4.253562,749.017
4.25623,825.1057
4.258898,907.3108
4.261566,995.5488
4.264234,1089.607
4.266901,1189.091
4.271395,1367.586
4.274484,1496.633
4.277573,1629.183
4.283751,1897.476
4.289929,2155.617
4.296107,2384.5
4.302854,2578.709
4.3096,2694.58
4.315,2721.825
4.3204,2688.411
4.326649,2577.632
4.332897,2400.131
4.339146,2172.324
4.345394,1913.731
4.352725,1597.33
4.360055,1292.773
4.367386,1019.591
4.371051,898.4929
4.374716,788.6233
4.378215,694.3225
4.381714,610.1655
4.385213,535.7121
4.388711,470.3666
4.39221,413.3632
4.395708,363.9427
4.399207,321.2636
4.402705,284.5502
4.406204,253.019
4.409703,225.9742
4.413202,202.7739
4.4167,182.8523
4.420199,165.6975
4.423697,150.8869
4.427196,138.0425
4.430694,126.8591
4.435026,114.9176
4.439358,104.7105
4.44369,95.91413
4.448021,88.27379
4.456684,75.68482
4.465347,65.77249
4.474011,57.78533
4.482674,51.22949
4.491337,45.76542
4.5,41.15409
4.50092,40.70682
4.504056,39.23715
4.507192,37.84754
4.513463,35.286
4.526005,30.89926
4.537769,27.50014
4.549532,24.64148
4.561295,22.21259
4.573058,20.12988
4.584821,18.32918
4.596584,16.76066
4.608347,15.38534
4.62011,14.17235
4.639289,12.48065
4.658468,11.07445
4.677647,9.893794
4.696825,8.893696
4.715774,8.04842
4.734722,7.317952
4.753671,6.681156
4.772619,6.122471
4.791568,5.629976
4.810516,5.194055
4.848413,4.460487
4.88631,3.871127
4.924207,3.390576
4.962104,2.993766
5,2.662609
5.03418,2.408601
5.06836,2.18876
5.10254,1.997366
5.136719,1.829838
5.170899,1.682389
5.205079,1.551955
5.273438,1.332784
5.341798,1.15854
5.410157,1.014894
5.478516,0.8960265
5.546875,0.7969061
5.634766,0.6919709
5.722657,0.6065973
5.810548,0.536247
5.898438,0.4776235
5.986329,0.4282858
6.074219,0.386398
6.16211,0.3505557
6.25,0.3199118
6.40625,0.2748547
6.5625,0.2389967
6.71875,0.2102332
6.875,0.1868551
7.03125,0.1676384
7.1875,0.1516883
7.34375,0.1383391
7.5,0.1271314
7.75,0.1125972
8,0.101233
8.125,0.09654622
8.4375,0.08708883
8.75,0.08011286
9.0625,0.07510819
9.375,0.0717057
9.6875,0.06966036
10,0.06883389
10.33213,0.06927975
10.66425,0.07105968
10.99638,0.07443582
11.3285,0.07953724
11.66063,0.08696291
11.99275,0.09739567
12.15882,0.104095
12.32488,0.1121422
12.49094,0.1217803
12.657,0.1333966
12.82307,0.1475004
12.98913,0.1648455
13.15519,0.1864514
13.32125,0.2137426
13.40429,0.2300997
13.48732,0.2488406
13.57035,0.2702443
13.65338,0.294809
13.73641,0.3229047
13.81944,0.3562283
13.90247,0.3956819
13.9855,0.4426464
14.04891,0.4848547
14.11232,0.5339141
14.17573,0.5913517
14.23913,0.6591688
14.30254,0.7400643
14.36595,0.837635
14.42936,0.9568029
14.49276,1.104146
14.55617,1.28892
14.58787,1.399801
14.61957,1.526409
14.65128,1.671935
14.68298,1.840117
14.71468,2.035894
14.74638,2.265666
14.77809,2.537962
14.80979,2.863857
14.84149,3.258627
14.87319,3.743319
14.9049,4.348421
14.92075,4.709314
14.9366,5.118889
14.95245,5.586742
14.9683,6.124988
14.98415,6.749128
15,7.479382
15.01963,8.572178
15.03925,9.943587
15.04907,10.7692
15.05888,11.71335
15.06869,12.80503
15.0785,14.08261
15.08832,15.60081
15.09813,17.43094
15.10794,19.67946
15.11775,22.49483
15.12757,26.08985
15.13248,28.26566
15.13738,30.74676
15.14229,33.59593
15.14719,36.86211
15.1521,40.62798
15.157,44.95657
15.16222,50.29361
15.16743,56.48262
15.17265,63.67757
15.17786,71.99208
15.18308,81.60935
15.18829,92.65074
15.1935,105.2954
15.19871,119.705
15.20393,136.0689
15.20914,154.469
15.21435,175.0598
15.21956,197.9397
15.22478,223.2221
15.22999,250.8292
15.2352,280.7738
15.24041,312.9627
15.24593,349.3368
15.25145,387.7732
15.26249,469.2596
15.27353,553.379
15.28457,634.8542
15.28703,652.0474
15.29378,696.4587
15.30052,735.6721
15.314,793.7213
15.322,812.7014
15.33,818.8619
15.336,814.8585
15.34782,785.9881
15.35964,732.2535
15.37555,630.8867
15.39145,512.4117
15.40509,410.2254
15.41872,316.6596
15.42554,274.8231
15.43236,236.8362
15.43918,202.856
15.44599,172.919
15.45224,148.8425
15.45849,127.8375
15.46474,109.6772
15.47099,94.10336
15.47724,80.84293
15.48349,69.62108
15.48974,60.1716
15.49599,52.24446
15.50224,45.61077
15.50849,40.06555
15.51474,35.42876
15.52099,31.54488
15.52724,28.28159
15.53349,25.52775
15.53974,23.19107
15.54598,21.19863
15.55223,19.48225
15.55848,17.99519
15.57098,15.55521
15.58348,13.64134
15.59598,12.10016
15.60848,10.83144
15.62098,9.768208
15.63348,8.864372
15.64597,8.087713
15.65847,7.41292
15.67097,6.822475
15.69597,5.841292
15.72097,5.062861
15.74596,4.434091
15.76869,3.960843
15.79141,3.561129
15.81414,3.219793
15.83686,2.925921
15.85959,2.670682
15.88231,2.447687
15.90504,2.251547
15.92776,2.07828
15.97321,1.787102
16.01866,1.553529
16.06411,1.363266
16.10955,1.206258
16.15273,1.081246
16.19591,0.9751479
16.23909,0.884279
16.28226,0.8055906
16.32544,0.7368101
16.36862,0.6764239
16.45497,0.5761162
16.54133,0.4968093
16.62768,0.4330419
16.71403,0.380998
16.80038,0.337971
16.88219,0.3037346
16.964,0.274578
17.04581,0.2496242
17.12762,0.2282571
17.20943,0.2094619
17.29124,0.1928768
17.45485,0.1653254
17.61847,0.1435349
17.78209,0.1260086
17.94571,0.1117054
18.10932,0.09988407
18.34566,0.08612642
18.58199,0.07528643
18.81833,0.06662874
19.05466,0.05965804
19.291,0.05382802
19.52733,0.04893872
19.76367,0.04481308
20,0.04133416
20.35363,0.03705658
20.70725,0.03360577
21.06088,0.03078447
21.4145,0.02845084
21.76813,0.02650476
22.12175,0.0248727
22.82899,0.02234303
23.53624,0.02060351
24.24348,0.01929501
24.95073,0.01840242
25.65797,0.01787145
26.46625,0.0176864
27.27454,0.01798375
27.67868,0.01835844
28.08282,0.01893824
28.56212,0.01997751
29.04141,0.02156041
29.28106,0.02260097
29.52071,0.02396821
29.76036,0.02557699
30,0.02764768
30.22911,0.0302002
30.45821,0.03353234
30.68731,0.03795238
30.80186,0.04072504
30.91641,0.04398183
31.09969,0.05045341
31.21425,0.05557486
31.3288,0.06188778
31.44335,0.06972271
31.5579,0.07960172
31.64954,0.08948946
31.74118,0.1017538
31.83282,0.1171889
31.87864,0.1264296
31.92446,0.1369455
31.97028,0.1490142
32.0161,0.1629839
32.07052,0.1826377
32.12493,0.2064955
32.17934,0.2358432
32.23375,0.2725094
32.28816,0.3191645
32.31537,0.3474384
32.34257,0.3798888
32.36978,0.41745
32.39698,0.4612784
32.42419,0.5129684
32.45139,0.5745784
32.48146,0.6577704
32.51153,0.7623867
32.52657,0.8253847
32.5416,0.8975002
32.55664,0.9810327
32.57167,1.078922
32.58671,1.195645
32.60174,1.337366
32.61678,1.513618
32.63181,1.738033
32.63933,1.874519
32.64685,2.031463
32.65437,2.212943
32.66188,2.423544
32.6694,2.669642
32.67692,2.957855
32.68444,3.296246
32.69195,3.693605
32.69983,4.186123
32.7077,4.769156
32.71558,5.460108
32.72345,6.274899
32.73133,7.234959
32.7392,8.358597
32.74708,9.670502
32.75495,11.18968
32.76283,12.94224
32.7707,14.94499
32.77858,17.22235
32.78645,19.78482
32.79433,22.65092
32.8022,25.81987
32.81008,29.29939
32.81795,33.07233
32.83371,41.44305
32.84946,50.66082
32.88096,69.80367
32.89814,79.20987
32.91532,86.75017
32.92678,90.34614
32.93839,92.60119
32.95,93.34402
32.96532,91.9563
32.97839,88.73438
32.99146,83.85216
33.01028,74.53637
33.0291,63.54017
33.06674,41.01568
33.07615,35.93702
33.08556,31.23075
33.09497,26.93621
33.10438,23.07362
33.11294,19.93827
33.12149,17.15881
33.13005,14.7135
33.1386,12.58703
33.14716,10.74944
33.15571,9.177662
33.16426,7.841128
33.17281,6.711751
33.18137,5.76151
33.18992,4.967325
33.19848,4.304157
33.20703,3.752807
33.21559,3.293682
33.22414,2.912016
33.23269,2.5937
33.24124,2.327327
33.24894,2.123985
33.25664,1.949249
33.26434,1.798286
33.27204,1.667084
33.28744,1.451313
33.30283,1.282042
33.31823,1.145663
33.33363,1.033338
33.34903,0.9390188
33.36442,0.8586026
33.37982,0.7890678
33.39522,0.7283601
33.42601,0.6275431
33.45681,0.5473581
33.4876,0.4823503
33.52866,0.4130067
33.56972,0.3582523
33.59709,0.3278824
33.62446,0.3014123
33.66552,0.2676143
33.70658,0.2394539
33.74764,0.2157144
33.7887,0.1955065
33.82976,0.178164
33.87082,0.1631726
33.91188,0.1501267
33.95294,0.1387034
34.00769,0.1255574
34.06243,0.1143704
34.11718,0.1047797
34.17192,0.09650141
34.25404,0.08601611
34.33616,0.07732579
34.41828,0.07005404
34.5004,0.0639245
34.58252,0.05871325
34.66464,0.05424593
34.82888,0.04703257
34.99312,0.04151599
35.15735,0.0372399
35.37634,0.03284379
35.58379,0.02963272
35.79123,0.02711728
35.99868,0.02511356
36.20612,0.02349518
36.41357,0.02217425
36.62101,0.02109436
37.03589,0.01942961
37.40328,0.01841137
37.77067,0.0175991
38.13806,0.01699481
38.50545,0.01658342
39.24023,0.01608185
39.975,0.01596264
40.85094,0.01626215
41.72688,0.01708454
42.16485,0.0177617
42.60282,0.01870301
43.04079,0.02000792
43.47875,0.02183727
43.74218,0.0233127
44.0056,0.02519916
44.19166,0.02686174
44.37772,0.02890142
44.56378,0.03142716
44.74983,0.03460675
44.93589,0.03868672
45.12194,0.04398578
45.23823,0.04817708
45.35451,0.05333278
45.4708,0.05973468
45.58708,0.06780883
45.68011,0.07589559
45.77314,0.08593196
45.86617,0.09857744
45.91269,0.1061679
45.9592,0.1148221
46.00572,0.1247713
46.05223,0.1362982
46.10747,0.1525453
46.16271,0.172331
46.21795,0.1967646
46.27318,0.227437
46.3008,0.2458186
46.32842,0.2667419
46.35604,0.290719
46.38365,0.3183974
46.41127,0.3506558
46.43889,0.3886306
46.46651,0.4338903
46.49412,0.4886418
46.52465,0.5643521
46.53991,0.6102818
46.55517,0.6633833
46.57044,0.725682
46.5857,0.799883
46.60096,0.8899776
46.61622,1.001595
46.63149,1.142828
46.64675,1.324736
46.65438,1.435641
46.66201,1.562988
46.66964,1.709614
46.67727,1.878793
46.6849,2.074279
46.69253,2.300343
46.70016,2.561811
46.70779,2.864089
46.71542,3.213178
46.72305,3.615676
46.73068,4.078763
46.73831,4.610162
46.74595,5.218927
46.75358,5.912071
46.76121,6.699203
46.76884,7.5893
46.77648,8.592654
46.78411,9.715248
46.79174,10.96636
46.79937,12.35318
46.80701,13.88383
46.81464,15.55886
46.8299,19.3564
46.84516,23.74135
46.86042,28.66295
46.8924,40.19933
46.92437,51.8965
46.94327,57.93491
46.96216,62.68835
46.97669,65.19569
46.98835,66.37377
47,66.75994
47.01532,66.04435
47.03098,63.92711
47.04664,60.55004
47.06994,53.67813
47.09324,45.42038
47.1311,31.4842
47.15003,25.15455
47.16896,19.60615
47.17843,17.16332
47.1879,14.94956
47.19737,12.96279
47.20683,11.19789
47.2163,9.640443
47.22576,8.28025
47.23523,7.098995
47.24469,6.082647
47.25416,5.212097
47.26363,4.471702
47.2731,3.845294
47.28256,3.318187
47.29203,2.875282
47.30149,2.504884
47.31096,2.194952
47.32042,1.936282
47.32843,1.750695
47.33644,1.590988
47.34445,1.453268
47.35246,1.334177
47.36047,1.230839
47.36848,1.140805
47.3845,0.9926741
47.40052,0.8768387
47.41654,0.7842285
47.43256,0.708551
47.44858,0.6454535
47.4646,0.591913
47.48062,0.5458073
47.51266,0.4702436
47.5447,0.4108006
47.57673,0.3628554
47.60004,0.3334544
47.62334,0.3077596
47.66994,0.2650939
47.71654,0.2312606
47.76314,0.2039253
47.80974,0.1815012
47.85634,0.1628703
47.90294,0.1472211
47.94954,0.1339509
47.99614,0.1226017
48.04274,0.1128157
48.08935,0.1043071
48.13595,0.09685487
48.22915,0.0844567
48.32235,0.07463611
48.41555,0.06673977
48.53206,0.05887521
48.64856,0.0526607
48.76507,0.04767336
48.88157,0.04363424
49.02138,0.03969874
49.16118,0.03648577
49.30099,0.03385231
49.44079,0.03167465
49.7204,0.02832213
50,0.02591535
50.40314,0.02349405
50.80628,0.02185603
51.07503,0.02107058
51.47817,0.02020871
51.8813,0.0195874
52.68757,0.01885523
53.49384,0.01861574
54.3001,0.01859592
55.78905,0.01908586
57.278,0.01998156
58.76695,0.02123396
60.2559,0.02284104
61.74485,0.02481035
63.2338,0.02721398
64.72275,0.03021916
66.2117,0.03389924
67.2644,0.03708442
68.31709,0.040874
69.36979,0.04542838
70.42248,0.05096729
71.47518,0.05769014
72.52787,0.06621074
73.58056,0.07710022
74.10691,0.08373525
74.63325,0.09139512
75.20568,0.1011614
75.7781,0.1127865
76.35052,0.1268052
76.92294,0.1439829
77.49536,0.165361
77.78157,0.1780159
78.06778,0.1924734
78.35399,0.2085511
78.6402,0.2269011
78.92641,0.2483809
79.21262,0.2733611
79.60631,0.3149872
80,0.3678466
80.25786,0.410654
80.51572,0.4619737
80.77358,0.5243106
81.03144,0.6006928
81.2893,0.6956867
81.41823,0.7529173
81.54716,0.8179987
81.67609,0.8923839
81.80502,0.9779568
81.93395,1.077115
82.06288,1.192939
82.20041,1.339403
82.33793,1.51591
82.47546,1.73135
82.61298,1.997611
82.75051,2.331758
82.81927,2.532378
82.88803,2.761431
82.9568,3.024696
83.02556,3.329151
83.09432,3.683826
83.16308,4.100429
83.22218,4.519605
83.28127,5.008458
83.34037,5.583648
83.39946,6.266875
83.45856,7.088237
83.48811,7.563127
83.51765,8.089236
83.5472,8.675008
83.57674,9.329837
83.59152,9.687106
83.60629,10.06614
83.62106,10.46912
83.63583,10.89821
83.65141,11.38184
83.66699,11.90049
83.68257,12.45789
83.69814,13.05789
83.70835,13.47697
83.71856,13.9182
83.72769,14.33294
83.73682,14.76815
83.74596,15.22591
83.75509,15.70691
83.76422,16.21354
83.77335,16.74793
83.78302,17.34686
83.79269,17.98284
83.80236,18.65954
83.81203,19.38116
83.8217,20.15257
83.83137,20.97935
83.84104,21.86799
83.8507,22.82503
83.86252,24.10323
83.87434,25.5175
83.88616,27.091
83.89798,28.85182
83.9098,30.83399
83.92162,33.07872
83.93344,35.63577
83.94526,38.56502
83.95601,41.61246
83.96675,45.08728
83.9775,49.07035
83.98824,53.64049
83.99899,58.90574
84.00973,64.97013
84.02047,71.96744
84.03121,80.04324
84.04196,89.36934
84.0527,100.1082
84.06345,112.4766
84.07419,126.6641
84.08494,142.9238
84.09568,161.4638
84.10642,182.544
84.11716,206.4138
84.12898,236.2035
84.1408,269.9875
84.15262,308.0563
84.16444,350.66
84.17626,397.9933
84.18808,450.1782
84.1999,507.2484
84.21171,569.0778
84.23535,706.3831
84.25899,858.8864
84.30626,1185.378
84.3342,1369.35
84.36213,1526.034
84.38512,1623.102
84.4081,1683.443
84.43,1702.489
84.45179,1682.783
84.47357,1625.969
84.49871,1519.581
84.52384,1378.734
84.56334,1116.238
84.60283,844.5112
84.62258,717.3628
84.64233,600.6124
84.66208,496.288
84.68183,405.3675
84.70158,327.93
84.71146,294.078
84.72133,263.3527
84.73121,235.5387
84.74108,210.522
84.75095,188.0901
84.76082,168.0535
84.77025,150.9706
84.77967,135.7472
84.7891,122.188
84.79852,110.165
84.80795,99.50262
84.81737,90.08253
84.8268,81.75274
84.83622,74.40898
84.84565,67.92364
84.85507,62.20858
84.8645,57.15945
84.87392,52.70422
84.89277,45.26817
84.91162,39.40537
84.93047,34.73328
84.94932,30.9613
84.96817,27.87163
84.98702,25.3026
85.00587,23.13493
85.02472,21.28071
85.04357,19.67496
85.06242,18.26936
85.09653,16.12285
85.13064,14.36635
85.16475,12.90226
85.19886,11.66436
85.23297,10.60562
85.26708,9.691359
85.30119,8.895347
85.3353,8.197351
85.40352,7.035064
85.47174,6.111549
85.53996,5.365025
85.60818,4.75278
85.67281,4.26899
85.73744,3.859456
85.80207,3.509775
85.8667,3.208716
85.93133,2.947421
85.99596,2.718987
86.12522,2.340621
86.25448,2.04314
86.38374,1.805928
86.513,1.614381
86.64226,1.4581
86.74998,1.349308
86.8577,1.25648
87.07313,1.109211
87.28856,1.002129
87.50399,0.924052
87.71943,0.8691993
87.93486,0.8343265
88.15029,0.8172087
88.36572,0.8169016
88.59552,0.8353966
88.82531,0.8751579
89.01202,0.9256364
89.19873,0.9953192
89.38544,1.088746
89.57215,1.214829
89.75886,1.384417
89.85222,1.490446
89.94557,1.614386
90.03893,1.760079
90.13228,1.932386
90.22563,2.137601
90.31898,2.383949
90.40516,2.657705
90.49133,2.988969
90.5775,3.395593
90.66367,3.902308
90.74985,4.54464
90.79294,4.932268
90.83602,5.375527
90.87911,5.885996
90.92219,6.477991
90.96528,7.170753
91.00836,7.989207
91.04248,8.749115
91.07659,9.632264
91.1107,10.67005
91.14481,11.90611
91.16187,12.61755
91.17892,13.40426
91.19598,14.28062
91.21303,15.26271
91.22156,15.80054
91.23009,16.37367
91.23862,16.9859
91.24714,17.64076
91.25567,18.34476
91.2642,19.10285
91.27273,19.92156
91.28125,20.8073
91.29202,22.03766
91.30279,23.4106
91.31356,24.95009
91.32433,26.68448
91.3351,28.64725
91.34498,30.68219
91.35485,32.97516
91.36428,35.44595
91.3737,38.22814
91.38313,41.37327
91.39255,44.92604
91.40198,48.95173
91.4114,53.50609
91.42083,58.67014
91.43025,64.51145
91.43968,71.1284
91.4491,78.60019
91.45853,87.04326
91.46795,96.54692
91.47783,107.7871
91.4877,120.4514
91.49758,134.7073
91.50745,150.6706
91.51733,168.5195
91.5272,188.3612
91.53708,210.3743
91.54695,234.6437
91.55683,261.3353
91.5667,290.4945
91.57658,322.2583
91.58645,356.6138
91.6062,433.2795
91.62594,520.1541
91.64569,616.3387
91.66544,720.0184
91.70494,938.7431
91.73546,1102.582
91.76597,1244.145
91.78572,1316.338
91.80546,1368.769
91.82273,1396.26
91.84,1405.38
91.86163,1390.389
91.88325,1347.064
91.90509,1277.383
91.92693,1186.082
91.94778,1083.818
91.96863,972.1467
92.01033,741.1772
92.03019,635.9044
92.05004,537.8043
92.0699,448.7235
92.08975,369.8877
92.10961,301.6272
92.12946,243.8195
92.13939,218.6216
92.14932,195.7611
92.15925,175.111
92.16917,156.5519
92.17861,140.6813
92.18804,126.4429
92.19747,113.6934
92.2069,102.3086
92.21633,92.16799
92.22576,83.15563
92.23519,75.16136
92.24462,68.08147
92.25406,61.81297
92.26349,56.27955
92.27292,51.39196
92.28235,47.0753
92.29178,43.26174
92.30121,39.89022
92.32007,34.26089
92.33894,29.81786
92.3578,26.28014
92.37666,23.42675
92.39552,21.09299
92.41438,19.15591
92.43324,17.52431
92.4521,16.13075
92.47096,14.92532
92.50472,13.12601
92.53847,11.66949
92.57223,10.46343
92.60598,9.44863
92.63974,8.583093
92.67349,7.837549
92.70724,7.189434
92.74099,6.621701
92.8085,5.676823
92.87601,4.925947
92.94352,4.3184
93.01102,3.819507
93.07456,3.426888
93.1381,3.093464
93.20164,2.807852
93.26517,2.561363
93.32871,2.347088
93.39224,2.159617
93.51931,1.847976
93.64639,1.600352
93.77346,1.400314
93.90053,1.236577
94.0276,1.100869
94.17056,0.974165
94.31352,0.8689121
94.45648,0.7804826
94.59943,0.7054507
94.74239,0.6412822
94.88534,0.5861664
95.0283,0.5383607
95.17125,0.4962193
95.37775,0.4437601
95.58424,0.3996042
95.79073,0.3620857
95.99722,0.3299193
96.20372,0.3021169
96.41021,0.277913
96.82319,0.2379965
97.23618,0.2066487
97.64916,0.1819659
98.06215,0.1613595
98.47513,0.1443752
98.85635,0.1312424
99.23757,0.1199833
99.61879,0.1102215
100,0.1017489
100.5445,0.09146933
101.089,0.08288781
101.6335,0.07564305
102.178,0.06962452
102.7225,0.06429271
103.267,0.05974226
103.8115,0.0556644
104.3559,0.05226741
104.9004,0.04913716
105.4449,0.04651843
106.5339,0.04205336
107.6229,0.03857715
108.7118,0.03588942
109.9218,0.03366303
111.1317,0.03208433
112.3417,0.03105948
113.5516,0.03056982
114.7011,0.03062096
115.8506,0.03119652
117.0001,0.03235764
118.1495,0.03422789
119.299,0.03703259
120.4484,0.04117476
121.5979,0.04712389
122.1726,0.05113576
122.7473,0.0560755
123.2616,0.06151032
123.7758,0.06818889
124.2901,0.07650597
124.8043,0.087021
125.3186,0.1005658
125.5757,0.1087206
125.8328,0.1180655
126.0899,0.1290813
126.347,0.1420085
126.6041,0.1572854
126.8612,0.1755174
127.1032,0.1961054
127.3452,0.2209546
127.5872,0.2513305
127.8292,0.2889567
128.0712,0.3360574
128.1922,0.364308
128.3132,0.3966225
128.4342,0.4337795
128.5552,0.4767242
128.6762,0.5266974
128.7971,0.5852732
128.9257,0.6594659
129.0542,0.7492327
129.1828,0.8594522
129.3113,0.9965389
129.4399,1.170249
129.5042,1.275131
129.5684,1.395082
129.6327,1.533734
129.697,1.695057
129.7613,1.88439
129.8255,2.108358
129.8936,2.394578
129.9617,2.746213
130.0298,3.185872
130.0638,3.448403
130.0978,3.747126
130.1319,4.090863
130.1659,4.488068
130.1999,4.954247
130.2339,5.51062
130.268,6.191669
130.302,7.044452
130.319,7.55993
130.336,8.15311
130.353,8.842539
130.37,9.651849
130.3847,10.4712
130.3994,11.42654
130.4141,12.54709
130.4287,13.85846
130.4434,15.42073
130.458,17.26232
130.4654,18.32434
130.4727,19.4676
130.48,20.71466
130.4873,22.07502
130.4947,23.58009
130.502,25.20019
130.5093,26.96643
130.5166,28.89114
130.524,31.01737
130.5313,33.30165
130.5386,35.78605
130.5459,38.48583
130.5533,41.45875
130.5606,44.64125
130.5752,51.81986
130.5899,60.26555
130.6045,70.01365
130.6206,82.5171
130.6367,97.05478
130.6423,102.6236
130.6527,113.7054
130.6631,125.7861
130.6811,149.1666
130.6991,175.8021
130.7133,199.1579
130.7275,224.5695
130.7417,251.9771
130.7558,281.0563
130.7766,326.9832
130.7974,375.8284
130.8389,477.6735
130.8711,554.8887
130.9032,623.7195
130.924,661.0943
130.9447,690.8748
130.9661,712.5853
130.9875,724.1021
131,725.8828
131.0032,725.7444
131.0129,723.8465
131.0226,719.7423
131.0419,705.1892
131.0636,679.2914
131.0853,644.4611
131.122,569.687
131.1587,482.6837
131.1955,392.2253
131.2322,306.5652
131.2506,267.1577
131.2689,230.9547
131.2873,197.8461
131.3056,168.3294
131.3232,143.1615
131.3407,121.1834
131.3582,102.0912
131.3757,85.68157
131.3933,71.64468
131.4108,59.88395
131.4283,50.05305
131.4458,41.89776
131.4634,35.14259
131.4809,29.64152
131.4984,25.15283
131.5159,21.50083
131.5334,18.53361
131.5509,16.12203
131.5684,14.15797
131.5859,12.55218
131.6076,10.95074
131.6293,9.680108
131.651,8.65792
131.6727,7.822811
131.6944,7.129471
131.7161,6.544644
131.7378,6.043973
131.7595,5.609589
131.8029,4.890281
131.8463,4.316059
131.8897,3.845512
131.933,3.45346
131.9831,3.073851
132.0332,2.75606
132.0833,2.486865
132.1333,2.257001
132.1834,2.058246
132.2334,1.885773
132.2835,1.73447
132.3335,1.601431
132.4337,1.37804
132.5338,1.199247
132.6339,1.053603
132.734,0.9333823
132.8275,0.8391069
132.921,0.7587356
133.0145,0.6896531
133.1079,0.6298907
133.2014,0.5777338
133.2948,0.5320464
133.4817,0.456115
133.6686,0.3960773
133.8555,0.3474801
134.0424,0.307518
134.2293,0.274375
134.4296,0.2448005
134.6299,0.2200696
134.8302,0.1991833
135.0304,0.1813966
135.2307,0.1661151
135.4309,0.1529134
135.6312,0.1414798
135.8314,0.1315836
136.2319,0.1148991
136.6324,0.101689
137.0329,0.09113025
137.4334,0.08258443
137.7806,0.07645194
138.1277,0.07126976
138.8219,0.0631081
139.5162,0.05717865
140.2104,0.05292609
140.9047,0.04978776
141.5989,0.04757731
142.2931,0.04614671
142.9873,0.04541361
143.8639,0.04537773
144.7405,0.04626081
145.6171,0.0481156
146.4937,0.05101826
147.3703,0.05517482
148.2469,0.06095687
148.6852,0.06455957
149.1235,0.06882841
149.5618,0.07381881
150,0.07959611
150.4903,0.08738367
150.9806,0.09688487
151.4709,0.1085645
151.9611,0.1230436
152.4514,0.1411144
152.6966,0.152096
152.9417,0.1646083
153.1869,0.1789551
153.432,0.1954954
153.6771,0.2147053
153.9222,0.2371891
154.1837,0.265679
154.4452,0.3000717
154.7067,0.3421183
154.9681,0.3941758
155.2296,0.4593716
155.3604,0.4984918
155.4911,0.5431947
155.6219,0.5946288
155.7526,0.6540231
155.8833,0.7231242
156.014,0.804174
156.153,0.9067985
156.2919,1.030946
156.4308,1.183207
156.5697,1.37266
156.7086,1.612458
156.7781,1.757303
156.8475,1.922949
156.917,2.114353
156.9864,2.336649
157.0559,2.597812
157.1253,2.906693
157.1928,3.265428
157.2602,3.697266
157.3276,4.225301
157.395,4.882551
157.4287,5.274484
157.4624,5.719895
157.4961,6.2306
157.5298,6.822661
157.5467,7.156935
157.5635,7.518616
157.5804,7.916446
157.5972,8.351078
157.6141,8.834306
157.6309,9.368483
157.6478,9.970006
157.6562,10.29667
157.6646,10.64405
157.6738,11.05063
157.683,11.48734
157.6922,11.95745
157.7014,12.46459
157.7106,13.01286
157.7198,13.60682
157.729,14.25155
157.7381,14.94479
157.7504,15.98049
157.7626,17.13528
157.7647,17.34822
157.7703,17.93799
157.7759,18.56129
157.7871,19.91738
157.7973,21.29293
157.8075,22.81896
157.8177,24.51317
157.8279,26.39496
157.8382,28.5072
157.8484,30.83221
157.8586,33.41456
157.8688,36.28135
157.879,39.46168
157.8892,42.98666
157.8994,46.8893
157.9096,51.20447
157.9209,56.51096
157.9321,62.36549
157.9434,68.92601
157.9546,76.13057
157.9659,84.16343
157.9771,92.93746
157.9884,102.6643
157.9996,113.2246
158.0109,124.8574
158.0221,137.4033
158.0445,165.6877
158.067,198.5788
158.0894,235.89
158.1119,277.8762
158.1344,324.0796
158.1569,373.946
158.1793,426.4137
158.2691,640.0678
158.2998,702.1291
158.3305,751.6739
158.353,777.9416
158.3754,794.4439
158.4,800.6863
158.425,793.9977
158.45,774.5182
158.4757,742.2053
158.5013,699.298
158.5484,599.7641
158.5954,486.8489
158.6403,379.6946
158.6628,329.5348
158.6852,283.1517
158.7077,240.7093
158.7301,202.9091
158.7525,169.6528
158.7749,140.8551
158.7963,117.2964
158.8177,97.30781
158.8391,80.54448
158.8604,66.69313
158.8818,55.24797
158.9032,45.91577
158.9246,38.35705
158.9459,32.29091
158.9673,27.39215
158.9887,23.46122
159.0101,20.30372
159.0314,17.76987
159.0528,15.70608
159.0742,14.02128
159.0956,12.63306
159.1169,11.48199
159.1362,10.59624
159.1554,9.83398
159.1939,8.578494
159.2324,7.588387
159.2708,6.786409
159.3093,6.118207
159.3478,5.553082
159.3863,5.068502
159.4247,4.649463
159.4632,4.281996
159.5017,3.958277
159.5786,3.416057
159.6555,2.981021
159.7324,2.626073
159.8051,2.347101
159.8778,2.111379
159.9505,1.910328
160.0231,1.737614
160.0958,1.587655
160.1684,1.456847
160.3137,1.239853
160.4591,1.068241
160.6044,0.9304199
160.7497,0.8180585
160.895,0.7252521
161.0318,0.651876
161.1686,0.5893393
161.3054,0.535608
161.4421,0.4891612
161.5789,0.4487495
161.7157,0.413435
161.9892,0.3546087
162.2628,0.30764
162.5363,0.2697792
162.8099,0.2388356
163.0834,0.2132446
163.2886,0.196842
163.4938,0.1824142
163.9041,0.1583351
164.2119,0.1435816
164.5196,0.13105
164.8274,0.1203424
165.1351,0.1112472
165.7506,0.0962137
166.3661,0.08463518
166.9816,0.07560043
167.5971,0.06846354
168.2126,0.06277739
168.8281,0.05822408
169.4436,0.05457242
170.0591,0.05165181
170.6746,0.04933532
171.2901,0.04753001
172.5211,0.04522903
173.752,0.04427416
174.983,0.04457114
176.214,0.0460666
177.445,0.04882478
178.0605,0.0506657
178.676,0.05303972
179.2915,0.05572007
179.907,0.0590701
180.5225,0.06291289
181.138,0.06751293
181.7535,0.07278938
182.369,0.07924121
182.9845,0.08696173
183.6,0.09626603
184.1814,0.1068899
184.7627,0.1197866
185.344,0.1356239
185.9253,0.1553355
186.5066,0.1802542
186.7973,0.1950645
187.0879,0.2118446
187.3786,0.2313357
187.6692,0.2538804
187.9599,0.2801091
188.2505,0.3108438
188.5583,0.3495466
188.866,0.3962774
189.1738,0.4534632
189.4815,0.5244286
189.7893,0.6140119
189.9432,0.6677261
190.097,0.7286711
190.2509,0.7985075
190.4047,0.8793243
190.5586,0.9737234
190.7124,1.084577
190.8706,1.220032
191.0287,1.382956
191.1869,1.581651
191.345,1.827139
191.5032,2.135683
191.5823,2.3204
191.6613,2.530082
191.7404,2.770205
191.8195,3.046885
191.8986,3.368352
191.9381,3.548869
191.9776,3.74479
192.0012,3.869954
192.0247,4.001146
192.0482,4.139361
192.0717,4.285122
192.0952,4.439005
192.1187,4.601639
192.1422,4.773719
192.1657,4.956014
192.1893,5.150222
192.2128,5.355646
192.2299,5.513276
192.2534,5.742014
192.278,5.997764
192.3025,6.270678
192.3282,6.578527
192.3538,6.909559
192.3794,7.267757
192.405,7.656417
192.4286,8.045031
192.4521,8.464539
192.4756,8.920695
192.4991,9.418471
192.5226,9.963845
192.5461,10.56409
192.5696,11.22812
192.5931,11.967
192.6167,12.7983
192.6402,13.73245
192.6637,14.79483
192.6872,16.01347
192.7107,17.424
192.7225,18.21844
192.7342,19.0717
192.746,20.00597
192.7577,21.01385
192.7695,22.12213
192.7812,23.3226
192.793,24.64768
192.8047,26.08805
192.8165,27.68303
192.8282,29.4217
192.84,31.3517
192.8517,33.45984
192.8635,35.80373
192.8752,38.36689
192.887,41.21869
192.8987,44.33804
192.9105,47.80794
192.9222,51.60093
192.934,55.81557
192.9457,60.41568
192.9575,65.51733
192.9692,71.07266
192.981,77.21707
192.9928,83.94701
193.0163,99.26275
193.0398,117.4052
193.0633,138.6968
193.0868,163.4251
193.1103,191.8184
193.1338,224.018
193.1573,260.0497
193.1958,326.985
193.2343,402.309
193.3112,565.0519
193.3583,659.5266
193.4053,737.2681
193.4494,786.4533
193.4935,806.6172
193.5,806.9357
193.5194,803.7765
193.5387,794.6034
193.5773,759.2322
193.6214,694.9237
193.6655,612.2709
193.7348,466.0942
193.7694,394.0535
193.804,326.7744
193.8387,266.1195
193.8733,213.5771
193.8907,190.2847
193.908,169.1893
193.9253,150.0971
193.9426,132.9274
193.96,117.4946
193.9773,103.8584
193.9946,91.79759
194.0119,81.17977
194.0292,71.87108
194.0465,63.73972
194.0638,56.65862
194.0811,50.50737
194.0977,45.375
194.1142,40.92909
194.1308,37.03282
194.1473,33.65884
194.1639,30.69928
194.1804,28.13091
194.1969,25.88311
194.2134,23.91085
194.2465,20.63327
194.2795,18.06563
194.3126,16.00707
194.3456,14.33693
194.3787,12.94946
194.4117,11.78504
194.4448,10.78762
194.4778,9.927881
194.5439,8.512546
194.61,7.398031
194.6699,6.576129
194.7297,5.890636
194.7895,5.310758
194.8493,4.815036
194.9092,4.386699
194.969,4.01485
195.0288,3.689175
195.0886,3.402167
195.2083,2.921015
195.3279,2.53657
195.4475,2.224158
195.5671,1.966754
195.6679,1.783441
195.7686,1.625173
195.8694,1.48736
195.9701,1.366816
196.1716,1.166135
196.3731,1.006473
196.5243,0.9072283
196.6754,0.8221055
196.8265,0.7485242
196.9776,0.6844872
197.1288,0.6283734
197.2799,0.578987
197.5821,0.4963668
197.8844,0.4304107
198.1866,0.3770418
198.4889,0.3334871
198.7911,0.2970187
199.0934,0.2661385
199.3956,0.2399244
199.6978,0.2174821
200,0.1981125
200.3792,0.1773602
200.7583,0.1598246
201.1374,0.1448576
201.5165,0.1319815
201.8957,0.120826
202.2748,0.1111961
203.033,0.09521455
203.7913,0.08256795
204.5495,0.07247799
205.3078,0.06430677
206.066,0.05760847
206.7111,0.05282978
207.3562,0.04873313
208.0013,0.04519606
208.6464,0.04212636
209.9366,0.03712705
211.2267,0.03343829
212.5169,0.03046271
213.8071,0.02829309
215.0973,0.02672199
216.3874,0.02569867
217.4117,0.02526436
218.4359,0.02517055
219.4602,0.02544931
220.4844,0.02616224
221.5086,0.02741304
222.5328,0.02937109
223.557,0.03227905
224.0691,0.03421916
224.5812,0.03662473
225.0933,0.03958874
225.6054,0.04327084
226.1175,0.04789538
226.6296,0.05378411
227.0137,0.0592701
227.3978,0.06593467
227.7819,0.07432097
228.1659,0.08493787
228.55,0.0986278
228.7421,0.1070074
228.9341,0.1166867
229.1262,0.1279595
229.3182,0.1411698
229.5102,0.1567594
229.7022,0.1753267
229.8783,0.1957519
230.0543,0.2203915
230.2304,0.2504992
230.4064,0.287739
230.5825,0.3346209
230.6705,0.3627336
230.7585,0.3947446
230.8465,0.431411
230.9345,0.4736847
231.0225,0.522785
231.1105,0.5803074
231.2066,0.655272
231.3026,0.7465568
231.3986,0.8596626
231.4946,1.002549
231.5427,1.088935
231.5907,1.187718
231.6387,1.301893
231.6867,1.435378
231.7347,1.593825
231.7827,1.785872
231.8307,2.025472
231.8547,2.169911
231.8787,2.336169
231.9048,2.548416
231.9308,2.801903
231.9568,3.110359
231.9828,3.491146
232.0088,3.967281
232.0348,4.568958
232.0608,5.335283
232.0738,5.795312
232.0868,6.316176
232.0998,6.906129
232.1128,7.574343
232.1258,8.330961
232.1388,9.187144
232.1518,10.15511
232.1648,11.24815
232.1778,12.48066
232.1908,13.86812
232.2038,15.42704
232.2168,17.17496
232.2298,19.13036
232.2428,21.31251
232.2558,23.74139
232.2688,26.43746
232.2818,29.42149
232.2948,32.7143
232.3078,36.33648
232.3208,40.30805
232.3338,44.64811
232.3468,49.37446
232.3728,60.04813
232.3988,72.42878
232.4248,86.56645
232.4508,102.4467
232.4768,119.9769
232.5028,138.9757
232.5348,163.9574
232.5388,167.1733
232.5498,176.0922
232.5608,185.0928
232.5948,213.0033
232.6388,247.6388
232.6828,277.8102
232.7268,300.5919
232.7708,313.6056
232.8,316.1061
232.8032,316.0715
232.8142,315.4862
232.8252,314.1827
232.8471,309.4905
232.895,290.1842
232.9386,263.6203
232.9822,231.1954
233.0607,167.345
233.0999,136.759
233.1391,108.9385
233.1588,96.28011
233.1784,84.65124
233.198,74.01534
233.2176,64.37791
233.2372,55.72317
233.2568,48.01764
233.2764,41.21382
233.296,35.25367
233.3157,30.04745
233.3353,25.57838
233.3549,21.74719
233.3745,18.48362
233.3941,15.71982
233.4137,13.39164
233.4333,11.43958
233.4529,9.809411
233.4704,8.586081
233.4878,7.554969
233.5053,6.676891
233.5227,5.938022
233.5402,5.308901
233.5576,4.77873
233.575,4.328249
233.5924,3.944372
233.6099,3.614284
233.6273,3.332404
233.6448,3.08762
233.6622,2.876232
233.6971,2.5278
233.7319,2.255095
233.7668,2.034578
233.8017,1.852368
233.8366,1.698553
233.8714,1.566751
233.9411,1.350343
234.0108,1.179565
234.098,1.010536
234.1852,0.8770621
234.2724,0.7694712
234.3595,0.6814103
234.4292,0.6218408
234.4989,0.5700749
234.5687,0.5247085
234.6384,0.4848056
234.7779,0.4179071
234.8826,0.3766748
234.9872,0.3414961
235.0918,0.3112163
235.1964,0.284969
235.301,0.2620685
235.4056,0.2419676
235.6148,0.2084885
235.824,0.1819195
236.0332,0.160519
236.2424,0.143046
236.4516,0.128531
236.6783,0.1153764
236.9049,0.1043799
237.1316,0.09510906
237.3582,0.08723601
237.5849,0.08049425
237.8115,0.07468867
238.2648,0.06527681
238.7181,0.05809683
239.1714,0.05261771
239.6247,0.04827212
240.0779,0.04487281
240.7753,0.04109973
241.4727,0.03871791
242.1701,0.03748525
242.8674,0.03731633
243.3905,0.03791046
243.9135,0.03919902
244.4366,0.04131897
244.9596,0.04446797
245.4827,0.04896546
245.7442,0.05194692
246.0057,0.05553347
246.2672,0.05986394
246.5287,0.06512652
246.7902,0.07157675
247.0517,0.0795665
247.2784,0.08810402
247.505,0.09855972
247.7317,0.1115819
247.9583,0.1281608
248.0717,0.1382094
248.185,0.1497076
248.2983,0.1629539
248.4116,0.1783183
248.525,0.1962923
248.6383,0.2174577
248.7516,0.242638
248.8649,0.2729322
248.9695,0.3067618
249.0741,0.347961
249.1787,0.3989468
249.2833,0.463233
249.3356,0.5019256
249.3879,0.5461479
249.4402,0.5971063
249.4925,0.6563892
249.5448,0.7262454
249.5971,0.8100171
249.6494,0.913025
249.7017,1.044306
249.7301,1.132717
249.7584,1.237541
249.7868,1.36499
249.8151,1.521692
249.8435,1.719143
249.8718,1.970026
249.9001,2.293832
249.9143,2.491363
249.9284,2.715579
249.9426,2.974011
249.9568,3.270128
249.971,3.609517
249.9851,3.995516
249.9993,4.440547
250.0134,4.945975
250.0276,5.527461
250.0417,6.186035
250.0559,6.941168
250.0701,7.799505
250.0843,8.77287
250.0984,9.865628
250.1126,11.1065
250.1267,12.49171
250.1409,14.05525
250.155,15.78964
250.1703,17.89374
250.1855,20.23097
250.2008,22.85027
250.216,25.73471
250.2313,28.93848
250.2465,32.43414
250.277,40.43557
250.3075,49.80199
250.338,60.53602
250.3685,72.56406
250.399,85.72352
250.4317,100.7927
250.4644,116.4226
250.5298,147.0625
250.5517,156.4164
250.5756,165.7075
250.5995,173.793
250.6236,180.4897
250.6475,185.4886
250.6714,188.7001
250.7,190.0594
250.7028,190.0442
250.7119,189.8117
250.7209,189.3073
250.739,187.477
250.776,180.4901
250.813,169.5983
250.85,155.5645
250.8854,140.0522
250.9207,123.4313
250.9913,89.99218
251.025,75.19109
251.0586,61.74992
251.0923,49.82599
251.1259,39.59427
251.1428,35.07453
251.1596,30.98601
251.1764,27.28655
251.1932,23.95831
251.21,20.98065
251.2268,18.33094
251.2436,15.98523
251.2604,13.91895
251.2756,12.26966
251.2907,10.81993
251.3059,9.533152
251.321,8.409701
251.3362,7.418825
251.3513,6.558766
251.3664,5.808859
251.3815,5.156438
251.3967,4.58641
251.4118,4.095662
251.427,3.668028
251.4421,3.300545
251.4573,2.980622
251.4724,2.705692
251.4875,2.46756
251.5026,2.261027
251.5178,2.080459
251.5329,1.924285
251.5632,1.667489
251.5935,1.468731
251.6237,1.312538
251.654,1.186467
251.6843,1.082956
251.7146,0.99625
251.7448,0.9225123
251.802,0.8080455
251.8592,0.7169225
251.9164,0.642175
251.9736,0.5795932
252.0308,0.526423
252.088,0.4807446
252.1452,0.4411288
252.2023,0.4065567
252.3167,0.3490796
252.431,0.3035924
252.5454,0.2668625
252.6597,0.2368032
252.7674,0.2131797
252.875,0.1931789
252.9827,0.1760639
253.0903,0.1613328
253.198,0.1485411
253.3056,0.1373783
253.5209,0.1188586
253.7362,0.1041882
253.9515,0.09237364
254.1668,0.08273522
254.382,0.07477712
254.6108,0.06774509
254.8395,0.06187286
255.0683,0.05691865
255.297,0.05271846
255.7545,0.04603296
256.212,0.04092708
256.6695,0.0369867
257.127,0.03390098
257.5845,0.03145287
258.0419,0.02949272
258.634,0.02754773
259.226,0.02603817
259.8181,0.02489364
260.4101,0.02402039
261.5942,0.0229633
262.7782,0.02257665
263.8009,0.02269159
264.8235,0.02317593
265.8461,0.02402325
266.8687,0.02526161
267.8913,0.02695964
268.9139,0.02923808
269.9365,0.03224161
270.9591,0.03635706
271.4166,0.03869131
271.8741,0.04143454
272.3316,0.04469789
272.7891,0.04863859
273.2466,0.05347737
273.7041,0.05950649
274.1616,0.06734632
274.3903,0.07220051
274.619,0.07787841
274.8343,0.08417327
275.0496,0.0916435
275.2649,0.1006286
275.4802,0.1115918
275.6955,0.1252136
275.9108,0.1425722
276.0185,0.1531499
276.1261,0.1653407
276.2337,0.1795194
276.3413,0.1961651
276.4557,0.2172877
276.5701,0.2429777
276.6845,0.2747344
276.7988,0.3147334
276.856,0.3388561
276.9132,0.3664757
276.9704,0.3983898
277.0275,0.4355876
277.0847,0.4797189
277.1419,0.5330315
277.1991,0.5993085
277.2562,0.6850378
277.2865,0.7423164
277.3168,0.8112381
277.3471,0.8958106
277.3773,1.001227
277.4076,1.135881
277.4379,1.310009
277.4531,1.416529
277.4682,1.537845
277.4833,1.677105
277.4984,1.837156
277.5136,2.022543
277.5287,2.234514
277.5439,2.480062
277.559,2.760604
277.5742,3.085075
277.5893,3.454931
277.6044,3.878423
277.6195,4.362388
277.6347,4.918135
277.6498,5.546376
277.665,6.264076
277.6801,7.070861
277.6953,7.987018
277.7104,9.010374
277.7255,10.1567
277.7406,11.43623
277.7575,13.03887
277.7743,14.82405
277.7911,16.81399
277.8079,19.021
277.8248,21.47131
277.8416,24.14518
277.8752,30.2306
277.9089,37.33552
277.9425,45.38333
277.9761,54.29137
278.0097,63.88196
278.0804,85.06689
278.151,104.7617
278.183,112.1715
278.2014,115.805
278.2199,118.9237
278.2384,121.4561
278.2569,123.3607
278.2754,124.6058
278.3,125.2055
278.3027,125.1971
278.3104,125.0921
278.318,124.8714
278.3333,124.0772
278.3741,119.7551
278.4053,114.4659
278.4365,107.718
278.4941,92.45098
278.5517,75.32156
278.6045,59.69251
278.6573,45.39076
278.6837,38.99677
278.7101,33.1875
278.7365,27.98924
278.7629,23.40486
278.7881,19.58637
278.8133,16.28458
278.8385,13.46259
278.8637,11.07732
278.8889,9.082387
278.9141,7.430452
278.9267,6.718558
278.9393,6.075216
278.9519,5.495039
278.9645,4.97286
278.9771,4.503756
278.9897,4.083063
279.0023,3.706388
279.0149,3.369616
279.0275,3.068908
279.0401,2.800703
279.0527,2.561712
279.0653,2.348908
279.0905,1.991027
279.1157,1.707741
279.1409,1.483207
279.166,1.305252
279.19,1.16839
279.214,1.056943
279.238,0.9653765
279.262,0.8893581
279.286,0.8255195
279.31,0.7712591
279.358,0.683937
279.406,0.6163636
279.454,0.5620438
279.502,0.5170884
279.5499,0.4791602
279.6459,0.4182225
279.7419,0.3716215
279.8379,0.3350923
279.9338,0.3059839
280.0778,0.2723496
280.2218,0.2474005
280.3658,0.2286168
280.5097,0.2143725
280.6537,0.2035644
280.7976,0.1954658
281.0855,0.1854092
281.3926,0.1814021
281.5942,0.181626
281.7957,0.1837042
282.1988,0.1929068
282.6019,0.2086796
283.005,0.2315507
283.4081,0.2629498
283.6097,0.2825959
283.8112,0.3054324
284.0128,0.3320449
284.2143,0.3630746
284.4158,0.3994057
284.6173,0.4423768
284.8285,0.4965466
285.0396,0.5625899
285.2508,0.6440777
285.4619,0.7459923
285.5675,0.8068481
285.6731,0.8758562
285.7787,0.9545301
285.8842,1.044653
285.9898,1.148747
286.0953,1.269627
286.2009,1.411478
286.3064,1.579309
286.3952,1.745964
286.484,1.941748
286.5728,2.174098
286.6615,2.452717
286.7503,2.79221
286.7947,2.990663
286.8391,3.212535
286.8835,3.462013
286.9279,3.744421
286.9501,3.900057
286.9723,4.066677
286.9945,4.24551
287.0166,4.437092
287.0334,4.592794
287.0502,4.758118
287.067,4.934033
287.0838,5.121649
287.1006,5.322242
287.1174,5.537284
287.1342,5.768476
287.151,6.017788
287.169,6.30762
287.187,6.624166
287.1942,6.759107
287.2074,7.020112
287.2206,7.300333
287.232,7.559411
287.2434,7.835885
287.2548,8.13142
287.2661,8.44498
287.2781,8.802654
287.2901,9.188326
287.3021,9.604885
287.3141,10.05553
287.3261,10.54378
287.3381,11.07352
287.3501,11.64902
287.3621,12.27494
287.3729,12.88562
287.3837,13.54535
287.3945,14.2585
287.4053,15.0298
287.4161,15.86432
287.4269,16.76751
287.4377,17.7452
287.4485,18.80359
287.4701,21.18939
287.4917,23.98275
287.5133,27.24804
287.5348,31.03694
287.548,33.66183
287.5612,36.53608
287.5744,39.67868
287.5876,43.10908
287.6008,46.84704
287.614,50.91247
287.6404,60.10489
287.6668,70.84014
287.6932,83.25886
287.7196,97.47857
287.746,113.5828
287.77,129.8911
287.794,147.7767
287.818,167.1818
287.842,187.9972
287.89,233.1436
287.9379,281.1101
287.9907,333.9334
288.0435,382.1851
288.0843,413.2219
288.1251,436.517
288.1594,448.8933
288.1937,453.9932
288.2,454.1116
288.2185,452.9827
288.237,449.6688
288.274,436.7209
288.3199,410.0447
288.3658,373.8695
288.4347,308.4115
288.5035,239.2189
288.5666,180.1588
288.5982,153.7426
288.6297,129.9721
288.6613,108.8458
288.6928,90.51115
288.7244,74.75592
288.7559,61.50342
288.7875,50.4382
288.8033,45.66186
288.8191,41.34461
288.8349,37.45251
288.8507,33.95212
288.8665,30.81084
288.8822,28.0141
288.898,25.49645
288.9138,23.24833
288.9296,21.24313
288.9453,19.46671
288.9769,16.45475
289.0084,14.07112
289.04,12.16761
289.0715,10.64906
289.1031,9.420269
289.1346,8.422344
289.1662,7.597242
289.1977,6.910821
289.2293,6.328723
289.2608,5.832057
289.3182,5.088698
289.3756,4.497432
289.433,4.014469
289.4903,3.612511
289.5477,3.271531
289.6051,2.979273
289.6625,2.726289
289.7198,2.505835
289.8346,2.139966
289.9493,1.851008
290.064,1.618252
290.1787,1.427841
290.2877,1.277193
290.3967,1.149802
290.5057,1.041023
290.6147,0.9472889
290.7237,0.8658526
290.8327,0.7946032
291.0507,0.6764483
291.2687,0.5832156
291.4867,0.5083866
291.7047,0.4474073
291.9226,0.39707
292.1062,0.3611623
292.3242,0.3247429
292.5422,0.2938607
292.7602,0.2674493
292.9782,0.2445533
293.1962,0.2245266
293.4142,0.2069602
293.8502,0.1778239
294.2862,0.1548359
294.7222,0.1363983
295.1582,0.1214037
295.5942,0.1090649
296.145,0.09643627
296.6957,0.08646773
297.2464,0.07819201
297.7971,0.07144816
298.3479,0.06594659
298.8986,0.06143718
299.4493,0.05774709
300,0.05477989
300.6267,0.05216879
301.2534,0.05025367
301.8801,0.04897652
302.5068,0.04833274
303.238,0.04840677
303.9691,0.04943324
304.7002,0.05155888
305.4313,0.05491783
306.1625,0.06018817
306.5281,0.06371655
306.8936,0.06800601
307.2592,0.07323516
307.6247,0.079637
307.9903,0.08753569
308.3558,0.09735853
308.6692,0.1077076
308.9825,0.1204022
309.2959,0.1363616
309.6092,0.1566622
309.7659,0.1689232
309.9226,0.1829434
310.0793,0.1990724
310.2359,0.2177365
310.3926,0.239512
310.5492,0.2650714
310.7059,0.2953694
310.8625,0.3316426
311.0062,0.3717236
311.1498,0.4202141
311.2934,0.4797205
311.437,0.5538751
311.5806,0.6479854
311.6524,0.7048895
311.7242,0.7701105
311.796,0.8454177
311.8678,0.9331153
311.9396,1.036279
312.0114,1.159147
312.0898,1.323021
312.1681,1.529842
312.2073,1.655846
312.2465,1.802154
312.2857,1.974897
312.3248,2.182393
312.364,2.43872
312.4032,2.762551
312.4424,3.181896
312.462,3.439438
312.4815,3.735634
312.5011,4.081267
312.5207,4.484116
312.5403,4.954981
312.5598,5.503427
312.5794,6.149634
312.599,6.907828
312.6186,7.797223
312.6381,8.833839
312.6577,10.05264
312.6773,11.47587
312.6969,13.13346
312.7165,15.05797
312.7361,17.28444
312.7557,19.85012
312.7753,22.79395
312.7948,26.1378
312.8144,29.95636
312.834,34.27367
312.8536,39.12833
312.8731,44.52703
312.8927,50.55685
312.9123,57.21797
312.9319,64.52977
312.9514,72.46073
312.9776,84.14728
313.0037,96.93392
313.0201,105.5224
313.0381,115.4041
313.0723,135.3212
313.1342,173.8501
313.206,218.2511
313.2419,238.2301
313.2778,255.4784
313.3333,274.8112
313.3691,281.5704
313.4,283.4298
313.4039,283.3964
313.4173,282.8236
313.4307,281.5448
313.4575,276.9144
313.4867,268.8747
313.5159,257.994
313.5691,232.155
313.6222,201.0434
313.7178,141.1608
313.7656,113.2186
313.8134,88.35437
313.8374,77.25622
313.8613,67.18167
313.8852,58.09017
313.9091,49.96612
313.933,42.77476
313.9569,36.46625
313.9808,30.97975
314.0047,26.2471
314.0286,22.19622
314.0525,18.75397
314.0764,15.84844
314.1003,13.41088
314.1242,11.37696
314.1481,9.687714
314.172,8.290024
314.1959,7.136802
314.2172,6.281525
314.2384,5.565467
314.2597,4.960012
314.2809,4.452174
314.3022,4.02115
314.3234,3.657537
314.3447,3.346544
314.3659,3.081685
314.3872,2.852615
314.4084,2.655064
314.4509,2.330351
314.4934,2.0759
314.5359,1.870774
314.5784,1.701156
314.6209,1.557869
314.6634,1.434725
314.7059,1.327448
314.7909,1.149132
314.8759,1.006759
314.9609,0.8906578
315.0459,0.7944444
315.1309,0.7136845
315.2159,0.6451624
315.3434,0.5602351
315.4709,0.4917014
315.5559,0.4530612
315.6409,0.4189849
315.8109,0.3618069
315.9384,0.326531
316.0659,0.2963706
316.1934,0.2703863
316.3209,0.2478428
316.4484,0.2281571
316.5759,0.210863
316.8309,0.1820227
317.0859,0.1590941
317.3409,0.1405934
317.5959,0.1254642
317.8509,0.1128661
318.1272,0.1014186
318.4034,0.09182282
318.6797,0.08370768
318.9559,0.07678958
319.2322,0.07084029
319.5084,0.06569101
320.0609,0.05726849
320.6134,0.05073933
321.1659,0.04564497
321.7184,0.04148341
322.2708,0.03809265
322.8233,0.03530923
323.3758,0.03300267
324.4808,0.029461
325.5858,0.02696915
326.6907,0.02524072
327.7957,0.02400442
328.9007,0.02317077
330.0057,0.02267099
331.1106,0.0224664
332.8106,0.02266353
334.5106,0.02342339
336.2106,0.02474871
337.9105,0.02673714
339.6105,0.02958199
340.4605,0.03136957
341.3105,0.03353824
342.1605,0.03601959
343.0105,0.03901983
343.8605,0.04249858
344.7104,0.04679287
345.4754,0.0514611
346.2404,0.05710575
347.0054,0.06401847
347.7704,0.07261364
348.5354,0.08349789
349.3004,0.09752772
349.6829,0.1060325
350.0654,0.1160204
350.4479,0.1277601
350.8303,0.141648
351.2128,0.1582678
351.5953,0.1784061
351.9778,0.2031672
352.3603,0.234134
352.7428,0.2736078
352.9341,0.297506
353.1253,0.3248611
353.3166,0.3565166
353.5078,0.3935486
353.699,0.4373284
353.8902,0.489567
354.0709,0.5487981
354.2515,0.620314
354.4321,0.7078699
354.6127,0.816712
354.7934,0.954648
354.8837,1.037962
354.974,1.133479
355.0643,1.243832
355.1546,1.372405
355.2449,1.523616
355.3352,1.703362
355.4083,1.875229
355.4813,2.076627
355.5544,2.316158
355.6274,2.604689
355.664,2.773034
355.7005,2.960482
355.737,3.171344
355.7735,3.410687
355.7918,3.543432
355.8101,3.686034
355.8284,3.839702
355.8466,4.004902
355.8649,4.18508
355.8831,4.38015
355.9014,4.594466
355.9196,4.828239
355.9389,5.101921
355.9582,5.406179
355.9775,5.745815
355.9967,6.124342
356.0179,6.597141
356.0259,6.79246
356.0392,7.140002
356.0538,7.557467
356.0684,8.016807
356.087,8.670345
356.1056,9.410923
356.1242,10.25116
356.1427,11.19975
356.1574,12.04403
356.172,12.97104
356.1866,13.99529
356.2012,15.12649
356.2158,16.37505
356.2304,17.75205
356.245,19.26923
356.2596,20.93897
356.2736,22.6954
356.2875,24.6016
356.3015,26.69724
356.3154,28.96483
356.3294,31.44977
356.3433,34.12941
356.3712,40.19832
356.3991,47.27296
356.427,55.44849
356.4549,64.80821
356.4827,75.37709
356.508,86.10811
356.5332,97.85944
356.5585,110.707
356.5837,124.5033
356.6342,154.8071
356.6846,187.6673
356.8015,264.4312
356.8493,291.2151
356.8971,312.4373
356.9564,328.6206
357,332.2522
357.0346,329.9099
357.0692,323.0421
357.1172,306.608
357.1652,283.3843
357.242,236.6284
357.3188,185.2134
357.386,142.176
357.4196,122.5508
357.4532,104.5777
357.4868,88.41661
357.5204,74.13229
357.554,61.70854
357.5876,51.06474
357.6212,42.073
357.6548,34.57463
357.6884,28.39478
357.7052,25.74329
357.722,23.35461
357.7388,21.20731
357.7556,19.28075
357.7724,17.5552
357.7892,16.01198
357.806,14.63353
357.8228,13.40344
357.8564,11.32868
357.89,9.680155
357.9236,8.368361
357.9572,7.320318
357.9908,6.477543
358.0244,5.79389
358.058,5.233428
358.0916,4.768486
358.1252,4.377935
358.1589,4.044822
358.1925,3.758962
358.2597,3.291301
358.3269,2.923763
358.3941,2.626641
358.4613,2.38149
358.5285,2.176204
358.5957,2.002408
358.6629,1.854039
358.7301,1.726542
358.7973,1.616425
358.9317,1.437998
359.0661,1.303038
359.2005,1.201502
359.3541,1.118186
359.4694,1.075087
359.5846,1.046957
359.6998,1.033005
359.815,1.033161
359.9495,1.052104
360.0839,1.093667
360.2183,1.162549
360.3527,1.266764
360.4199,1.336045
360.4871,1.419921
360.5543,1.521798
360.6215,1.646564
360.6887,1.8016
360.7559,1.998842
360.8231,2.258846
360.8567,2.422981
360.8903,2.618651
360.9239,2.85541
360.9575,3.146163
360.9911,3.508229
361.0247,3.96463
361.0583,4.545614
361.0919,5.290373
361.1087,5.739315
361.1255,6.248889
361.1423,6.82733
361.1591,7.483769
361.1759,8.228275
361.1927,9.071893
361.2095,10.02666
361.2263,11.10561
361.2431,12.32279
361.2599,13.69317
361.2767,15.23266
361.2935,16.95798
361.3103,18.88655
361.3271,21.03637
361.3439,23.42582
361.3607,26.07343
361.3775,28.99769
361.3943,32.21667
361.4111,35.74776
361.4279,39.6073
361.4459,44.12387
361.4639,49.05045
361.4819,54.39989
361.4999,60.18133
361.5359,73.05441
361.5719,87.64503
361.5983,99.3701
361.6247,111.8703
361.6679,133.6714
361.7255,164.1805
361.7783,191.7853
361.8311,216.8888
361.8887,238.8897
361.9415,252.0824
361.9957,257.2615
362,257.287
362.0044,257.2539
362.0178,256.7838
362.0311,255.7708
362.0578,252.1242
362.118,236.5486
362.169,216.6535
362.2199,192.4843
362.3218,138.8595
362.3728,112.9228
362.4237,89.4029
362.4724,69.81877
362.4967,61.22015
362.521,53.41599
362.5454,46.36734
362.5697,40.10624
362.594,34.56542
362.6183,29.6997
362.6427,25.44187
362.667,21.77228
362.6913,18.61645
362.7156,15.91895
362.7399,13.6261
362.7642,11.687
362.7885,10.0543
362.8128,8.684705
362.8348,7.638986
362.8568,6.751003
362.8788,5.997747
362.9008,5.358955
362.9228,4.816949
362.9448,4.356435
362.9668,3.964283
362.9888,3.62931
363.0108,3.342051
363.0328,3.094548
363.0768,2.693316
363.1208,2.384824
363.1648,2.141262
363.2088,1.943865
363.2528,1.780024
363.2968,1.641228
363.3408,1.521663
363.4288,1.325171
363.5168,1.169781
363.6095,1.037631
363.7021,0.9295334
363.7948,0.8394814
363.8874,0.7636294
363.9801,0.6988774
364.0727,0.6431895
364.1653,0.5948456
364.2579,0.552577
364.4432,0.4824446
364.6284,0.4270205
364.8137,0.3823655
364.9989,0.3458853
365.1471,0.3212949
365.2953,0.2999995
365.5918,0.2650484
365.8882,0.2377291
366.1291,0.2197538
366.3699,0.2047645
366.6108,0.1921757
366.8516,0.1815654
367.3333,0.1651087
367.815,0.1533845
368.2967,0.1449872
368.7784,0.1393829
369.2601,0.1361046
369.7417,0.1348504
370.4087,0.1361551
371.0756,0.1408934
371.7426,0.1492617
372.4095,0.1617909
373.0765,0.1794396
373.7434,0.2036087
374.0769,0.2187144
374.4104,0.2366197
374.7439,0.2578301
375.0773,0.2829865
375.4294,0.3148752
375.7814,0.3536774
376.1334,0.4014375
376.4854,0.4610187
376.8374,0.5365277
377.0134,0.5819983
377.1894,0.633817
377.3654,0.6932039
377.5414,0.7618349
377.7174,0.8419213
377.8934,0.9362212
378.037,1.02608
378.1806,1.130116
378.3242,1.251421
378.4678,1.394001
378.6114,1.563166
378.755,1.766136
378.8268,1.883291
378.8986,2.012942
378.9704,2.156997
379.0063,2.235122
379.0421,2.317504
379.0884,2.43126
379.1116,2.491565
379.1347,2.553958
379.1579,2.619107
379.181,2.686588
379.2042,2.757131
379.2273,2.830286
379.2563,2.926503
379.2853,3.027934
379.2945,3.061264
379.3142,3.134595
379.3339,3.210715
379.3536,3.289774
379.3733,3.371931
379.393,3.457358
379.4126,3.545778
379.4335,3.644049
379.4543,3.746185
379.4752,3.85344
379.496,3.96509
379.5169,4.082535
379.5377,4.205003
379.5585,4.333433
379.5793,4.468242
379.6141,4.709365
379.6488,4.971391
379.6836,5.258792
379.7183,5.573455
379.7531,5.921491
379.7878,6.30613
379.8225,6.734752
379.8572,7.21534
379.8827,7.60734
379.9082,8.037548
379.9337,8.51166
379.9591,9.034269
379.9846,9.617475
380.0101,10.26882
380.0356,10.99954
380.061,11.81946
380.0865,12.75057
380.112,13.80808
380.1375,15.01323
380.1629,16.38483
380.1884,17.96182
380.2139,19.7713
380.2394,21.84959
380.2648,24.22724
380.2857,26.445
380.3065,28.91471
380.3274,31.68844
380.3482,34.7693
380.3691,38.21795
380.3899,42.03307
380.4108,46.2836
380.4316,50.96071
380.4525,56.14054
380.4733,61.8029
380.4942,68.02928
380.515,74.78357
380.5567,90.07126
380.5983,107.7014
380.6493,132.4861
380.7002,160.3246
380.7512,190.5388
380.8021,221.8135
380.8809,268.7114
380.9596,307.6767
381.024,329.0891
381.0883,338.1784
381.1,338.394
381.1328,336.6009
381.1655,331.3579
381.231,311.291
381.277,290.7459
381.3229,266.3215
381.4147,211.2136
381.4882,166.8307
381.5616,126.7674
381.5984,109.0887
381.6351,93.27101
381.6718,79.30326
381.7085,67.14843
381.7407,57.9025
381.7728,49.91068
381.805,43.01621
381.8371,37.14713
381.8693,32.14953
381.9014,27.94039
381.9335,24.39543
381.9656,21.41599
381.9978,18.90633
382.0299,16.80391
382.0621,15.02779
382.0942,13.5315
382.1264,12.25716
382.1585,11.17253
382.1906,10.24036
382.2227,9.433715
382.2778,8.280744
382.3329,7.351345
382.388,6.587479
382.4431,5.948797
382.4982,5.406912
382.5533,4.941488
382.6084,4.537636
382.6635,4.184193
382.7737,3.596176
382.8839,3.128483
382.9941,2.749303
383.1043,2.436945
383.2054,2.19599
383.3064,1.989928
383.4074,1.812018
383.5084,1.657282
383.6094,1.521831
383.7104,1.402572
383.9124,1.203115
384.1144,1.043936
384.3164,0.9148581
384.5184,0.8087963
384.7204,0.7206005
384.8857,0.6589287
385.051,0.6048854
385.3816,0.5149743
385.7122,0.4438512
386.0427,0.3867145
386.3733,0.3400894
386.7039,0.3015472
387.0345,0.2693135
387.365,0.2420846
387.8057,0.2118929
388.2464,0.187287
388.8341,0.1607431
389.2382,0.1455983
389.6422,0.1325442
390.0462,0.1212146
390.4502,0.1113209
391.2583,0.09493432
392.0663,0.08201529
392.8744,0.07163673
393.6824,0.06317204
394.4905,0.05617174
395.2985,0.05035102
396.4739,0.04342045
397.6492,0.03784543
398.8246,0.03342609
398.8981,0.03337773
398.9716,0.03367308
399.0451,0.03477832
399.0818,0.03590879
399.1185,0.03766712
399.1553,0.04033063
399.192,0.04424669
399.2104,0.04682769
399.2287,0.04989623
399.2471,0.05356699
399.2654,0.05789046
399.2838,0.06301546
399.3022,0.06903343
399.3206,0.07606909
399.3389,0.08421113
399.3573,0.09369646
399.3756,0.1045807
399.394,0.1171543
399.4123,0.1314619
399.4307,0.1478532
399.4491,0.1664586
399.4675,0.1874895
399.4858,0.2110279
399.5042,0.2375524
399.5225,0.2669966
399.5409,0.2999052
399.5592,0.3361384
399.5776,0.376305
399.596,0.4204204
399.6327,0.5209421
399.6694,0.6391871
399.7061,0.7760352
399.7429,0.9323086
399.7796,1.106927
399.8163,1.299391
399.853,1.508107
399.9265,1.965235
399.9999,2.452133
400.0001,4.874533
425.0001,4.660814
450.0001,4.467903
475.0001,4.292779
500,4.13299
550,3.859757
600,3.626118
700,3.24638
800,2.962993
900,2.733633
1000,2.54355
1125,2.3694
1250,2.223746
1375,2.099715
1500,1.992534
1700,1.84788
2000,1.67561
2500,1.50038
3000,1.3709
3500,1.285222
4000,1.215345
4500,1.15687
5000,1.10695
6000,1.032174
7000,0.972906
8000,0.9236762
10000,0.846905
12500,0.7682642
15000,0.7094623
17000,0.6717217
20000,0.625697
25000,0.560849
30000,0.512886
35000,0.476739
40000,0.4474928
43026.7,0.432282
46513.35,0.394847
50000,0.363024
55000,0.3295343
60000,0.3016656
65000,0.2781151
70000,0.257953
80000,0.2323065
90000,0.2118097
100000,0.195012
115000,0.1829033
115000.6,0.1829029
125000,0.1760405
130000,0.172902
139999.9,0.1669286
142592,0.165482
142592.2,0.1654819
150000,0.1609983
170000,0.150432
200000,0.138062
248054.5,0.1303092
296109,0.124261
300000,0.123759
350000,0.1235627
400000,0.123393
450000,0.1219385
500000,0.120652
501849,0.120746
525291.5,0.1213728
548734,0.1219752
574367,0.1226084
600000,0.123217
625000,0.1224816
650000,0.1217792
700000,0.120463
725000,0.119615
750000,0.1188015
775000,0.1180199
800000,0.117268
845130,0.115027
845130.3,0.115027
880043,0.110429
900000,0.107633
927095,0.104135
985021,0.0981776
985021.4,0.09817758
1000000,0.0974212
1055410,0.0953928
1063340,0.0952145
1063342,0.09521449
1083270,0.0951389
1083273,0.09513885
1109390,0.0946718
1128890,0.0939466
1132640,0.0936662
1132645,0.09366563
1133430,0.0935766
1170270,0.0907149
1179560,0.0901534
1183430,0.0899099
1183432,0.0899098
1200000,0.08909548
1215490,0.0883508
1215493,0.08835062
1224980,0.0877731
1224982,0.08777299
1226000,0.0877168
1226010,0.08771597
1254890,0.0853817
1254894,0.08538145
1294580,0.0829824
1294590,0.08298193
1300000,0.0827312
1305780,0.0824052
1305782,0.08240508
1322970,0.0813508
1322972,0.08135071
1345690,0.0802932
1345695,0.08029248
1354390,0.0790622
1372230,0.0778128
1372233,0.07781264
1384880,0.0771268
1384885,0.07712658
1402730,0.0763634
1500000,0.07284434
1600000,0.0696101
1700000,0.06588828
1800000,0.0625617
1900000,0.05807478
2000000,0.0541159
2150000,0.04690104
2300000,0.0410424
2400000,0.03680791
2500000,0.0331574
2600000,0.02949346
2700000,0.0263506
2775000,0.02380455
2850000,0.02156287
2925000,0.01958253
3000000,0.0178275
3125000,0.01499259
3250000,0.01269443
3375000,0.01081626
3500000,0.0092698
3625000,0.007772726
3750000,0.006556469
3875000,0.005561477
4000000,0.0047422
4125000,0.004034597
4250000,0.003449179
4375000,0.002962137
4500000,0.0025548
4625000,0.002213646
4750000,0.001925394
4875000,0.001680757
5000000,0.00147226
5125000,0.001324128
5250000,0.001193948
5375000,0.001079191
5500000,0.0009777331
5750000,0.0008608723
6000000,0.000762097
6250000,0.0007392607
6484050,0.0007192808
6484052,0.0007192806
6500000,0.000717965
6750000,0.0007239406
7000000,0.000729746
7500000,0.000764219
8000000,0.000859558
8500000,0.000970689
9000000,0.00114891
9500000,0.00124697
10000000,0.00137371
10500000,0.00145188
11000000,0.00147886
11500000,0.0014194
12000000,0.00141808
12026900,0.001414931
12026910,0.00141493
12500000,0.00136176
13000000,0.00129146
13500000,0.0012016
13750000,0.001160584
14000000,0.00112167
14500000,0.000998658
15000000,0.000877274
15500000,0.000796632
16000000,0.000702039
16500000,0.000647626
17000000,0.000577743
17500000,0.00054295
18000000,0.000489379
18500000,0.000466323
19000000,0.0004351233
19500000,0.000406742
20000000,0.00039403
