Incident energy ,Cross section
1E-05,107.1311
1.0625E-05,103.9961
1.125E-05,101.1279
1.1875E-05,98.49079
1.25E-05,96.05548
1.375E-05,91.69675
1.5E-05,87.89939
1.625E-05,84.55305
1.75E-05,81.57545
1.875E-05,78.90392
2E-05,76.48974
2.1875E-05,73.26882
2.375E-05,70.44212
2.5625E-05,67.93591
2.75E-05,65.69437
2.9375E-05,63.6744
3.125E-05,61.84209
3.3125E-05,60.17039
3.5E-05,58.63739
3.875E-05,55.91873
4.25E-05,53.57577
4.625E-05,51.53026
5E-05,49.72495
5.3125E-05,48.37269
5.625E-05,47.1378
5.9375E-05,46.00448
6.25E-05,44.95978
6.875E-05,43.09482
7.5E-05,41.4756
8.125E-05,40.05339
8.75E-05,38.79191
9.375E-05,37.66355
0.0001,36.6469
0.00010625,35.72502
0.0001125,34.88434
0.00011875,34.11385
0.000125,33.40451
0.0001375,32.14048
0.00015,31.0454
0.0001625,30.08543
0.000175,29.23546
0.0001875,28.47638
0.0002,27.79338
0.00021875,26.88671
0.0002375,26.09544
0.00025625,25.39742
0.000275,24.776
0.00029375,24.21835
0.0003125,23.71445
0.00033125,23.25633
0.00035,22.83755
0.0003875,22.09798
0.000425,21.46371
0.0004625,20.91221
0.0005,20.4271
0.00053125,20.06468
0.0005625,19.73437
0.00059375,19.43174
0.000625,19.15317
0.0006875,18.65672
0.00075,18.2264
0.0008125,17.84884
0.000875,17.51415
0.0009375,17.21485
0.001,16.94516
0.0010625,16.70053
0.001125,16.47733
0.0011875,16.27263
0.00125,16.08402
0.001375,15.74745
0.0015,15.45523
0.001625,15.19847
0.00175,14.97056
0.001875,14.76651
0.002,14.58244
0.0021875,14.33733
0.002375,14.12262
0.0025625,13.93255
0.00275,13.76276
0.0029375,13.6099
0.003125,13.47136
0.0033125,13.34502
0.0035,13.2292
0.003875,13.02382
0.00425,12.84678
0.004625,12.69213
0.005,12.55556
0.0053125,12.45321
0.005625,12.35969
0.0059375,12.27381
0.00625,12.19458
0.006875,12.05291
0.0075,11.92959
0.008125,11.82096
0.00875,11.72434
0.009375,11.63771
0.01,11.55948
0.010625,11.4884
0.01125,11.42346
0.011875,11.36382
0.0125,11.30879
0.01375,11.21032
0.015,11.12449
0.01625,11.04884
0.0175,10.98154
0.01875,10.92118
0.02,10.86667
0.021325,10.81427
0.02265,10.76661
0.023975,10.72303
0.0253,10.683
0.02684375,10.64027
0.0283875,10.60116
0.031475,10.53177
0.0345625,10.47181
0.03765,10.41945
0.0407375,10.37325
0.043825,10.3321
0.0469125,10.29515
0.05,10.26172
0.053125,10.23096
0.05625,10.20284
0.059375,10.17706
0.0625,10.15334
0.06875,10.11083
0.075,10.07367
0.08125,10.04096
0.0875,10.01189
0.09375,9.985833
0.1,9.96231
0.10625,9.940938
0.1125,9.921412
0.11875,9.903503
0.125,9.887078
0.1375,9.85763
0.15,9.831906
0.1625,9.809292
0.175,9.789216
0.1875,9.771246
0.2,9.755101
0.21875,9.733587
0.2375,9.714702
0.25625,9.698011
0.275,9.68313
0.29375,9.669763
0.3125,9.657678
0.33125,9.646689
0.35,9.636709
0.3875,9.61904
0.425,9.603862
0.5,9.57927
0.625,9.549625
0.75,9.52893
0.875,9.514117
1,9.503563
1.25,9.494668
1.5,9.495579
1.75,9.506224
1.875,9.515803
2,9.528866
2.143644,9.549096
2.287288,9.576384
2.430932,9.612998
2.574575,9.662257
2.718219,9.728655
2.790041,9.770464
2.861863,9.820172
2.933685,9.879147
3.005507,9.94959
3.077329,10.03438
3.14915,10.13735
3.216484,10.25497
3.283817,10.39892
3.35115,10.57717
3.418483,10.79983
3.485816,11.08041
3.519483,11.25195
3.553149,11.4484
3.586816,11.67457
3.620482,11.93657
3.654149,12.24217
3.687815,12.60131
3.723726,13.05809
3.759637,13.61156
3.795548,14.29034
3.831459,15.13284
3.86737,16.19094
3.885326,16.82661
3.903281,17.55309
3.921237,18.38814
3.939192,19.35298
3.957147,20.47498
3.975102,21.78968
3.995302,23.5576
4.015502,25.71829
4.035702,28.39662
4.055902,31.77009
4.066002,33.79445
4.076102,36.09976
4.086202,38.74167
4.096302,41.79139
4.106402,45.34076
4.116502,49.50943
4.126602,54.45529
4.136702,60.3907
4.147364,68.05548
4.158025,77.64663
4.163356,83.38639
4.168686,89.91762
4.174017,97.4074
4.179347,106.065
4.184678,116.1697
4.190008,128.0794
4.195339,142.2748
4.200669,159.3768
4.206,180.2113
4.21133,205.8297
4.216661,237.5887
4.221991,277.1477
4.224797,301.7768
4.227602,329.4399
4.230408,360.508
4.233213,395.3271
4.236019,434.3018
4.238824,477.7865
4.24163,526.1878
4.244435,579.8269
4.247241,639.0638
4.250046,704.1279
4.252852,775.2694
4.255657,852.5545
4.258463,936.0492
4.261268,1025.581
4.264074,1120.957
4.266879,1221.697
4.269124,1305.83
4.272771,1448.083
4.276418,1595.432
4.280065,1745.36
4.283712,1894.91
4.289884,2137.739
4.296056,2352.628
4.300271,2474.462
4.304485,2570.357
4.308699,2636.373
4.312913,2669.724
4.315,2673.659
4.321263,2635.278
4.327789,2519.531
4.334314,2338.33
4.340839,2109.139
4.347364,1852.106
4.355196,1534.537
4.363028,1233.772
4.37086,969.0023
4.374776,853.3493
4.378691,749.4636
4.382281,664.4117
4.38587,588.7831
4.38946,521.9958
4.393049,463.4233
4.396639,412.2965
4.400228,367.8777
4.403818,329.3807
4.407407,296.0962
4.410997,267.3233
4.414586,242.4553
4.418176,220.9209
4.421765,202.2409
4.425355,185.978
4.428944,171.7746
4.432534,159.3101
4.436123,148.3277
4.443302,129.9448
4.450481,115.2523
4.45766,103.2926
4.464839,93.39601
4.472018,85.0887
4.479197,78.02951
4.486376,71.96788
4.493555,66.71596
4.500734,62.13007
4.507913,58.09834
4.522271,51.361
4.536629,45.9828
4.550987,41.6151
4.563388,38.46813
4.575788,35.77986
4.588188,33.46291
4.600588,31.44969
4.612988,29.68742
4.625388,28.13484
4.650188,25.53504
4.674988,23.45783
4.699788,21.77162
4.724588,20.38319
4.749388,19.22554
4.780715,18.01853
4.812041,17.03287
4.843368,16.21772
4.874694,15.53205
4.906021,14.94778
4.937347,14.44692
4.968674,14.01466
5,13.63883
5.03418,13.28208
5.06836,12.97165
5.10254,12.69963
5.136719,12.45977
5.170899,12.24706
5.205079,12.05748
5.273438,11.73539
5.341798,11.47532
5.410157,11.2579
5.478516,11.07536
5.546875,10.92087
5.634766,10.75457
5.722657,10.61669
5.810548,10.50091
5.898438,10.40259
5.986329,10.31827
6.074219,10.24532
6.16211,10.18169
6.25,10.1262
6.40625,10.04247
6.5625,9.973565
6.71875,9.916315
6.875,9.868077
7.03125,9.82693
7.1875,9.791444
7.34375,9.760537
7.5,9.733379
7.65625,9.709318
7.8125,9.687841
8.125,9.651079
8.4375,9.620699
8.75,9.594984
9.0625,9.572723
9.375,9.553154
9.6875,9.535661
10,9.519782
10.35275,9.503361
10.7055,9.488174
11.05825,9.473957
11.411,9.460559
11.58738,9.454143
11.76375,9.447974
11.94013,9.441991
12.1165,9.436302
12.29288,9.431041
12.46925,9.426309
12.64563,9.422311
12.822,9.419361
12.97763,9.417998
13.13325,9.418305
13.28888,9.421009
13.4445,9.427139
13.52232,9.431756
13.60013,9.438096
13.67794,9.446421
13.75575,9.457161
13.83357,9.470937
13.91138,9.488562
13.98919,9.511125
14.067,9.540097
14.13963,9.574691
14.21225,9.618837
14.28488,9.675313
14.3575,9.748368
14.43013,9.845332
14.46644,9.905587
14.50275,9.97571
14.53907,10.05776
14.57538,10.15429
14.61169,10.26863
14.648,10.40508
14.68691,10.58226
14.72582,10.80047
14.76473,11.07228
14.80363,11.41572
14.84254,11.85827
14.86199,12.12885
14.88144,12.44122
14.9009,12.80441
14.92035,13.22931
14.9398,13.73067
14.95925,14.3278
14.9813,15.15376
15.00335,16.19019
15.0254,17.51805
15.03642,18.3284
15.04744,19.26566
15.05847,20.36193
15.06949,21.65769
15.08052,23.21491
15.09154,25.11585
15.10257,27.48751
15.11359,30.50569
15.1191,32.33572
15.12461,34.43415
15.13012,36.85185
15.13563,39.64924
15.14147,43.10815
15.14731,47.1734
15.15315,51.96142
15.15898,57.59603
15.16482,64.24927
15.17065,72.06915
15.17649,81.2711
15.18232,92.02688
15.18816,104.5885
15.19399,119.1334
15.19983,135.931
15.20566,155.1323
15.2115,176.9905
15.21733,201.5833
15.22317,229.1004
15.229,259.4902
15.23549,296.708
15.24197,337.255
15.24846,380.9246
15.25494,427.0842
15.26143,475.2059
15.26791,524.307
15.28088,621.6924
15.28607,658.707
15.30163,754.944
15.30851,787.4442
15.31538,812.063
15.32269,828.6855
15.33,834.7845
15.33675,830.8602
15.3492,800.3088
15.36164,743.0848
15.37073,688.1042
15.37981,625.5841
15.39798,490.7325
15.41275,384.7033
15.42013,336.1686
15.42751,291.5934
15.4349,251.3363
15.44228,215.6744
15.44966,184.5149
15.45704,157.662
15.46386,136.4074
15.47067,118.2879
15.47749,102.9194
15.4843,90.00907
15.49112,79.18817
15.49793,70.17813
15.50475,62.66888
15.51156,56.43076
15.51838,51.22613
15.52519,46.88341
15.53201,43.23265
15.53882,40.15467
15.54564,37.53394
15.55245,35.29203
15.55926,33.35561
15.56607,31.66935
15.57857,29.08463
15.59106,27.0007
15.60356,25.28108
15.61605,23.83879
15.62855,22.60941
15.64104,21.55075
15.65353,20.62935
15.66602,19.82085
15.69101,18.47073
15.71599,17.39297
15.74098,16.51569
15.76596,15.79092
15.78982,15.20878
15.81367,14.71188
15.83752,14.28336
15.86137,13.91062
15.88522,13.58402
15.90907,13.29606
15.93292,13.04073
15.95677,12.81318
16.00447,12.42608
16.05217,12.11033
16.09987,11.84888
16.14757,11.62971
16.21118,11.38851
16.27478,11.1915
16.33838,11.02723
16.40198,10.88874
16.46558,10.77093
16.52918,10.66976
16.59278,10.58208
16.65638,10.50549
16.72907,10.42912
16.80176,10.36257
16.87445,10.30414
16.94713,10.2525
17.01982,10.20661
17.09251,10.16586
17.23788,10.09581
17.38326,10.0377
17.52863,9.989121
17.67401,9.94795
17.81938,9.912649
17.95567,9.883852
18.09196,9.858468
18.22825,9.83593
18.36454,9.815786
18.50083,9.797674
18.63712,9.781298
18.90969,9.753122
19.18227,9.729138
19.45485,9.708688
19.72743,9.691033
20,9.675639
20.28125,9.661794
20.5625,9.649315
20.84375,9.638013
21.125,9.627976
21.6875,9.610371
22.25,9.595501
22.8125,9.582518
23.375,9.571162
23.9375,9.560817
24.5,9.551179
25.48313,9.529291
26.46625,9.508365
27.27454,9.491557
27.88075,9.478948
28.48696,9.466167
28.79007,9.459648
29.09317,9.453013
29.39628,9.446255
29.69938,9.439352
29.95197,9.43347
30.20456,9.427479
30.45715,9.421419
30.58344,9.41839
30.70973,9.415385
30.9118,9.410699
31.06336,9.407398
31.21491,9.404462
31.29069,9.403208
31.36646,9.402158
31.44224,9.401378
31.51801,9.400955
31.59379,9.401005
31.66957,9.401686
31.74535,9.403202
31.82112,9.405845
31.8969,9.410089
31.97267,9.416624
32.02951,9.423608
32.08634,9.433032
32.14317,9.445759
32.2,9.463037
32.25684,9.486726
32.28526,9.501824
32.31367,9.519731
32.34209,9.541125
32.3705,9.566859
32.39892,9.598099
32.42733,9.636366
32.45891,9.68978
32.49048,9.758789
32.50627,9.801111
32.52206,9.850134
32.53785,9.907445
32.55363,9.975172
32.56942,10.05647
32.58521,10.1558
32.601,10.27984
32.61678,10.43868
32.63257,10.64806
32.64046,10.77857
32.64835,10.93136
32.65625,11.1115
32.66414,11.32437
32.67203,11.5772
32.67992,11.87837
32.68782,12.23823
32.69571,12.66742
32.70361,13.18037
32.7115,13.79098
32.7194,14.51788
32.72729,15.37813
32.73518,16.39306
32.74307,17.58453
32.75097,18.97723
32.75886,20.59077
32.76675,22.44946
32.77464,24.57464
32.78254,26.98852
32.79043,29.70035
32.79832,32.72347
32.80621,36.06216
32.8149,40.10049
32.82358,44.4958
32.84095,54.23844
32.87568,75.67347
32.89305,85.83816
32.91041,94.39938
32.92619,100.0546
32.9381,102.6503
32.95,103.6492
32.96532,102.5177
32.97839,99.48276
32.99146,94.75106
33.01028,85.58037
33.0291,74.64385
33.06674,52.02617
33.07615,46.89311
33.08556,42.12506
33.09497,37.76373
33.10438,33.83151
33.11294,30.63194
33.12149,27.78873
33.13005,25.28096
33.1386,23.09426
33.14716,21.19907
33.15571,19.57286
33.16426,18.18522
33.17281,17.00818
33.18137,16.01365
33.18992,15.17857
33.19848,14.47767
33.20703,13.89164
33.21559,13.40061
33.22414,12.98966
33.23269,12.64441
33.24124,12.35325
33.24894,12.12923
33.25664,11.93524
33.26434,11.76632
33.27204,11.61833
33.28744,11.37206
33.30283,11.17581
33.31823,11.01534
33.33363,10.88135
33.34903,10.76741
33.36442,10.66913
33.37982,10.58322
33.39522,10.50745
33.42601,10.3798
33.45681,10.27638
33.4876,10.19104
33.51497,10.12687
33.54235,10.07144
33.56972,10.02318
33.59709,9.980801
33.62446,9.943329
33.67921,9.880089
33.71343,9.846871
33.74765,9.817514
33.78187,9.791399
33.81608,9.768044
33.88451,9.728065
33.95294,9.695152
34.00769,9.672756
34.06243,9.653175
34.11718,9.635924
34.17192,9.62062
34.25404,9.600581
34.33616,9.583307
34.41828,9.568268
34.5004,9.555066
34.58252,9.543372
34.66464,9.532925
34.82888,9.514995
34.99312,9.500078
35.15735,9.487454
35.37634,9.473123
35.51321,9.465247
35.65007,9.458046
35.9238,9.44528
36.19753,9.434146
36.47125,9.424242
36.90922,9.410137
37.34719,9.397505
37.78516,9.385904
38.22313,9.375016
38.6611,9.364622
39.09907,9.354573
39.975,9.335039
40.85094,9.31572
41.72688,9.296109
42.16485,9.286034
42.60282,9.275674
43.04079,9.264948
43.47875,9.25377
43.69774,9.247978
43.91672,9.242018
44.13571,9.235886
44.35469,9.229575
44.57368,9.22309
44.79266,9.216459
44.9569,9.211432
45.12114,9.206429
45.28538,9.201585
45.3675,9.199293
45.44962,9.197147
45.53174,9.195214
45.61386,9.193583
45.69598,9.192379
45.7781,9.191784
45.86022,9.192088
45.94234,9.193727
46.00393,9.196208
46.06552,9.200199
46.12711,9.206277
46.1887,9.215296
46.25029,9.228553
46.28109,9.237378
46.31188,9.248129
46.34268,9.261298
46.37347,9.27752
46.40426,9.297664
46.43505,9.322931
46.46927,9.359139
46.50349,9.407485
46.5206,9.438028
46.53771,9.474337
46.55482,9.518161
46.57192,9.572012
46.58903,9.639736
46.60614,9.726981
46.62325,9.842264
46.6318,9.914132
46.64035,9.998166
46.64891,10.09701
46.65746,10.21346
46.66602,10.35139
46.67457,10.51474
46.68313,10.7089
46.69168,10.93922
46.70023,11.21258
46.70878,11.5366
46.71734,11.92035
46.72589,12.3725
46.73445,12.90461
46.743,13.52683
46.75156,14.25275
46.76011,15.09335
46.76866,16.06239
46.77721,17.17281
46.78577,18.43874
46.79432,19.86891
46.80288,21.47699
46.81143,23.26756
46.81999,25.25058
46.82854,27.42404
46.84564,32.33975
46.86446,38.55075
46.88328,45.40319
46.92092,59.61263
46.93974,66.02237
46.95856,71.27779
46.97737,74.91513
46.98869,76.17899
47,76.69063
47.01532,76.16183
47.03098,74.21181
47.04664,70.97156
47.06994,64.23858
47.09324,56.04032
47.1311,42.05506
47.15003,35.65253
47.16896,30.01297
47.17843,27.52074
47.1879,25.25648
47.19737,23.21902
47.20683,21.40406
47.2163,19.79771
47.22576,18.39037
47.23523,17.16399
47.24469,16.10489
47.25416,15.19403
47.26363,14.41589
47.2731,13.75429
47.28256,13.19452
47.29203,12.72133
47.30149,12.32295
47.31096,11.98715
47.32042,11.70462
47.32698,11.53512
47.33353,11.38453
47.34664,11.13024
47.35975,10.9265
47.37285,10.76155
47.38596,10.62603
47.39907,10.51319
47.41218,10.41785
47.42528,10.3362
47.43839,10.26524
47.4515,10.20288
47.47771,10.09797
47.50392,10.01261
47.53013,9.941467
47.55343,9.887378
47.57673,9.840145
47.60003,9.798532
47.62333,9.761587
47.66993,9.698879
47.70489,9.659568
47.73984,9.625456
47.77479,9.59558
47.80974,9.569212
47.84469,9.545779
47.87964,9.524827
47.94954,9.488963
47.99614,9.468664
48.04274,9.450673
48.08935,9.434597
48.13595,9.420132
48.22915,9.395096
48.32235,9.374163
48.41555,9.356381
48.53206,9.337537
48.64856,9.321562
48.76507,9.307793
48.88157,9.295783
49.02138,9.283112
49.16118,9.271869
49.30099,9.261803
49.44079,9.252691
49.7204,9.236643
50,9.222737
50.40314,9.205176
50.80628,9.189558
51.07503,9.179929
51.61255,9.161866
52.15006,9.144861
52.68757,9.128522
53.22508,9.112572
54.3001,9.081121
55.91264,9.033413
57.52518,8.983091
59.13772,8.930022
60.75025,8.873199
62.22841,8.815476
63.70657,8.752305
65.18473,8.682258
66.66289,8.603295
68.14105,8.514546
69.61921,8.411929
70.35829,8.35519
71.09737,8.292467
71.83645,8.224978
72.57553,8.152281
73.28102,8.075108
73.9865,7.990048
74.69199,7.895991
75.39747,7.790747
76.10296,7.672423
76.80844,7.538647
77.16119,7.464221
77.51393,7.385002
77.86667,7.29974
78.21941,7.208207
78.58895,7.10346
78.95849,6.989246
79.32803,6.86427
79.69757,6.727055
80.06711,6.576004
80.25188,6.494747
80.43665,6.409419
80.62142,6.319839
80.80619,6.225872
80.99096,6.127536
81.17573,6.0251
81.3605,5.918681
81.54527,5.808808
81.73004,5.697039
81.91481,5.585824
82.09958,5.479333
82.19197,5.429923
82.28435,5.384717
82.37674,5.34543
82.46912,5.314342
82.56151,5.294406
82.65389,5.289484
82.75468,5.307544
82.85546,5.360144
82.95625,5.462466
83.05703,5.636222
83.15782,5.913772
83.20821,6.106122
83.2586,6.345123
83.30899,6.64175
83.35938,7.010141
83.40977,7.468833
83.46016,8.042629
83.51266,8.799505
83.53891,9.254545
83.56515,9.771491
83.5914,10.36116
83.60452,10.68692
83.61764,11.03576
83.63077,11.41001
83.64389,11.81137
83.65701,12.24267
83.67013,12.70677
83.67906,13.04304
83.68798,13.39673
83.69691,13.76982
83.70583,14.16284
83.71948,14.80701
83.72945,15.3132
83.73942,15.85247
83.74835,16.36602
83.75727,16.91028
83.7662,17.48915
83.77512,18.10439
83.7851,18.84078
83.79507,19.63238
83.80504,20.48616
83.81501,21.4094
83.82499,22.41164
83.83496,23.50079
83.84493,24.68945
83.8549,25.99131
83.86855,27.98716
83.8822,30.27645
83.89585,32.9228
83.90949,36.00377
83.91632,37.74093
83.92314,39.62416
83.92997,41.67549
83.93679,43.90731
83.94362,46.34669
83.95044,49.00927
83.95726,51.92371
83.96408,55.11798
83.97511,60.95646
83.98613,67.75086
83.99716,75.68626
84.00818,84.94742
84.01921,95.77945
84.03023,108.4215
84.04125,123.1735
84.05227,140.3589
84.0633,160.3532
84.07432,183.5074
84.08534,210.2533
84.09636,241.0291
84.10739,276.324
84.11841,316.5376
84.12943,362.1604
84.14045,413.6377
84.152,474.326
84.16355,542.3217
84.1751,617.9655
84.18665,701.4928
84.1982,793.0084
84.20975,892.4621
84.23284,1113.968
84.25594,1361.906
84.27904,1628.357
84.32523,2168.488
84.34832,2411.922
84.37141,2616.072
84.39523,2770.046
84.41905,2854.413
84.43,2867.751
84.45179,2845.502
84.47357,2760.407
84.49871,2592.41
84.52384,2364.7
84.56334,1933.309
84.60283,1480.97
84.62258,1267.664
84.64233,1070.876
84.66208,894.2143
84.68183,739.5204
84.70158,607.1129
84.71146,548.9992
84.72133,496.1063
84.73121,448.0857
84.74108,404.7615
84.75095,365.7875
84.76082,330.8548
84.77025,300.9647
84.77967,274.2285
84.7891,250.3204
84.79852,229.0307
84.80795,210.0649
84.81737,193.2277
84.8268,178.2624
84.83622,164.9962
84.84565,153.2123
84.85507,142.7638
84.8645,133.4726
84.87392,125.2179
84.89277,111.2927
84.91162,100.1434
84.93047,91.11353
84.94932,83.70161
84.96817,77.52931
84.98702,72.31388
85.00587,67.84505
85.02472,63.96656
85.04357,60.56189
85.06242,57.54346
85.09653,52.8585
85.13064,48.94886
85.16475,45.63039
85.19886,42.77604
85.23297,40.29431
85.26708,38.11688
85.30119,36.19151
85.3353,34.47749
85.40352,31.56062
85.47174,29.17509
85.53996,27.1915
85.60818,25.51889
85.67281,24.16139
85.73744,22.98224
85.80207,21.94928
85.8667,21.037
85.93133,20.22497
85.99596,19.49703
86.12522,18.2459
86.25448,17.21035
86.38374,16.33947
86.513,15.59616
86.64226,14.9533
86.74998,14.47956
86.8577,14.05245
87.07313,13.31105
87.28856,12.68728
87.50399,12.14616
87.71943,11.66739
87.93486,11.23716
88.15029,10.84365
88.36572,10.47765
88.53807,10.19968
88.71041,9.93159
88.88276,9.670786
89.0551,9.415231
89.22745,9.163294
89.3998,8.914103
89.57215,8.667831
89.74449,8.426077
89.91684,8.193141
90.00301,8.082611
90.08918,7.978357
90.17536,7.882977
90.26153,7.800111
90.3477,7.734887
90.43387,7.694891
90.51287,7.689982
90.59186,7.728409
90.67085,7.828462
90.74984,8.017251
90.82884,8.336238
90.86834,8.563641
90.90783,8.850737
90.94733,9.212614
90.98682,9.668842
91.02632,10.24633
91.06581,10.98179
91.09364,11.62283
91.12147,12.39384
91.1493,13.32995
91.16321,13.87446
91.17712,14.48036
91.19104,15.15804
91.20495,15.91866
91.21887,16.7784
91.23278,17.75484
91.2467,18.87301
91.25366,19.49402
91.26061,20.16103
91.26757,20.88091
91.27452,21.65713
91.28148,22.49818
91.28843,23.40864
91.29786,24.771
91.30728,26.29857
91.31671,28.02073
91.32613,29.96419
91.3369,32.50483
91.34678,35.18484
91.35665,38.25261
91.36653,41.77813
91.3764,45.82743
91.38627,50.48736
91.39614,55.85282
91.40602,62.03768
91.41589,69.14978
91.42577,77.33787
91.43564,86.73378
91.44552,97.51968
91.45539,109.8511
91.46527,123.9445
91.47514,139.9757
91.48502,158.1934
91.49489,178.7862
91.50477,202.0284
91.51464,228.1089
91.52452,257.3163
91.53439,289.8216
91.54426,325.872
91.55413,365.67
91.56401,409.4408
91.57388,457.2444
91.59363,565.5322
91.61338,690.8264
91.63312,832.3843
91.65287,988.5301
91.67262,1156.1
91.71212,1506.761
91.74084,1751.831
91.76956,1964.302
91.78931,2080.431
91.80905,2165.273
91.82453,2207.085
91.84,2225.677
91.86163,2211.925
91.88325,2153.093
91.90509,2051.999
91.92693,1915.685
91.94778,1760.467
91.96863,1589.062
92.01033,1230.155
92.03019,1064.939
92.05004,910.0971
92.0699,768.7103
92.08975,642.8872
92.10961,533.3164
92.12946,439.9596
92.13939,399.0651
92.14932,361.836
92.15925,328.0846
92.16917,297.6342
92.17861,271.4915
92.18804,247.9413
92.19747,226.7616
92.2069,207.7611
92.21633,190.7532
92.22576,175.5577
92.23519,162.0026
92.24462,149.9255
92.25406,139.1636
92.26349,129.5986
92.27292,121.0883
92.28235,113.514
92.29178,106.7677
92.30121,100.752
92.32007,90.57245
92.33894,82.38065
92.3578,75.723
92.37666,70.23886
92.39552,65.65778
92.41438,61.77612
92.43324,58.44141
92.4521,55.53978
92.47096,52.98594
92.50472,49.09008
92.53847,45.85473
92.57223,43.11337
92.60598,40.75726
92.63974,38.70721
92.67349,36.90741
92.70724,35.31391
92.74099,33.89309
92.8085,31.46831
92.87601,29.4771
92.94352,27.81446
93.01102,26.40703
93.07456,25.2672
93.1381,24.27278
93.20164,23.39827
93.26517,22.62394
93.32871,21.93371
93.39224,21.31484
93.51931,20.24971
93.64639,19.36444
93.77346,18.61768
93.90053,17.98017
94.0276,17.42981
94.14673,16.97805
94.26586,16.57754
94.38499,16.21996
94.50412,15.8987
94.62325,15.60846
94.74238,15.34515
94.98064,14.88674
95.2189,14.49724
95.45716,14.16159
95.69542,13.87008
95.93368,13.61431
96.12429,13.43104
96.3149,13.26389
96.69612,12.96976
97.07734,12.7188
97.45855,12.50272
97.77624,12.34444
98.09392,12.19931
98.4116,12.06794
98.72928,11.94861
99.04696,11.83832
99.36464,11.73734
100,11.55645
100.484,11.43496
100.968,11.32497
101.452,11.22468
101.936,11.13304
102.6015,11.01952
103.267,10.91527
103.9325,10.81939
104.598,10.73283
105.929,10.57685
107.2599,10.44086
108.5909,10.31809
109.9218,10.206
111.2528,10.1012
112.5837,10.00111
113.5516,9.930278
114.5196,9.860125
115.4876,9.789879
116.4556,9.718714
117.4235,9.645731
118.3915,9.56986
119.3594,9.489843
120.3274,9.404058
121.2953,9.310618
121.9003,9.247059
122.5053,9.178279
123.1103,9.103318
123.7153,9.020642
124.3203,8.928226
124.6228,8.877682
124.9253,8.823528
125.2278,8.765622
125.5303,8.703258
125.8328,8.63628
126.1352,8.562846
126.4226,8.48659
126.71,8.403078
126.9974,8.311107
127.2847,8.209262
127.5721,8.095728
127.7158,8.033962
127.8594,7.968578
128.0031,7.899266
128.1468,7.825709
128.2905,7.74739
128.4341,7.664023
128.5854,7.570469
128.7366,7.471005
128.8879,7.365627
129.0391,7.255143
129.1148,7.198349
129.1904,7.141084
129.266,7.083778
129.3416,7.02715
129.4172,6.972225
129.4928,6.920475
129.5684,6.874022
129.644,6.835927
129.7235,6.809788
129.8029,6.80552
129.8823,6.83486
129.9617,6.916442
130.0014,6.985722
130.0411,7.08103
130.0808,7.209986
130.1205,7.383127
130.1602,7.615747
130.1999,7.931244
130.2396,8.367553
130.2793,8.989819
130.2983,9.384562
130.3172,9.863699
130.3361,10.45439
130.355,11.19029
130.3739,12.11595
130.3928,13.29001
130.4117,14.78899
130.4212,15.69525
130.4306,16.71162
130.4401,17.87648
130.4495,19.18382
130.459,20.68246
130.4684,22.36392
130.4779,24.28989
130.4873,26.44807
130.4968,28.91582
130.5062,31.67513
130.5157,34.82218
130.5251,38.33072
130.5346,42.31907
130.544,46.74942
130.5535,51.76579
130.5629,57.31448
130.5724,63.56881
130.5818,70.4539
130.5941,80.60708
130.6064,92.1806
130.6187,105.3103
130.631,120.1312
130.6423,135.3505
130.6527,150.8001
130.6631,167.704
130.6811,200.5739
130.6991,238.2289
130.7133,271.4022
130.7275,307.6392
130.7417,346.874
130.7558,388.6602
130.7766,454.9662
130.7974,525.8855
130.8389,675.118
130.8711,789.7066
130.9032,893.3991
130.924,950.7415
130.9447,997.4799
130.9661,1032.991
130.9875,1053.971
131,1059.117
131.0032,1059.577
131.0129,1058.827
131.0226,1054.87
131.0419,1037.663
131.0636,1004.28
131.0853,957.6061
131.122,854.6294
131.1587,732.3872
131.1955,603.541
131.2322,480.1852
131.2506,423.0069
131.2689,370.2232
131.2873,321.716
131.3056,278.2553
131.3232,241.0095
131.3407,208.3139
131.3582,179.7529
131.3757,155.0571
131.3933,133.7926
131.4108,115.8466
131.4283,100.7246
131.4458,88.06732
131.4634,77.47705
131.4809,68.75483
131.4984,61.54717
131.5159,55.59931
131.5334,50.68978
131.5509,46.62931
131.5684,43.25855
131.5859,40.44524
131.5985,38.70308
131.611,37.171
131.636,34.58424
131.6611,32.4835
131.6861,30.75637
131.7112,29.29662
131.7362,28.05068
131.7612,26.96603
131.7862,26.00947
131.8363,24.38723
131.8863,23.06084
131.9364,21.94751
131.9864,21.00159
132.0399,20.13306
132.0933,19.38447
132.1467,18.73161
132.2001,18.15737
132.2535,17.64848
132.3069,17.19441
132.3603,16.78674
132.4137,16.41864
132.5205,15.77998
132.6273,15.24503
132.7341,14.79079
132.8409,14.40059
132.9411,14.08154
133.0412,13.80017
133.1413,13.54995
133.2414,13.32601
133.3416,13.12428
133.4417,12.94211
133.6419,12.62567
133.8422,12.35878
134.0424,12.13019
134.2427,11.93237
134.4429,11.75961
134.6566,11.59757
134.8702,11.45451
135.0838,11.32706
135.2974,11.21263
135.511,11.10928
135.7246,11.01585
136.1518,10.85109
136.579,10.70948
137.0062,10.58643
137.4334,10.47785
137.8606,10.38075
138.5015,10.25182
139.1423,10.13811
139.7832,10.0366
140.424,9.942395
141.0649,9.855052
141.7057,9.772236
142.3465,9.692569
142.9873,9.615309
143.8952,9.507928
144.803,9.400706
145.7109,9.291294
146.6187,9.17735
147.5266,9.056229
148.4344,8.925844
148.8883,8.855326
149.3422,8.780702
149.7961,8.701283
150.25,8.616255
150.7307,8.519
151.2113,8.412974
151.6919,8.296437
152.1725,8.167241
152.6532,8.022636
153.1338,7.859513
153.3741,7.770111
153.6144,7.673796
153.8547,7.570049
154.095,7.458159
154.3487,7.330098
154.6024,7.190527
154.8561,7.037965
155.1097,6.870887
155.3634,6.687574
155.4902,6.589478
155.617,6.486959
155.7439,6.379942
155.8707,6.26866
155.9975,6.15325
156.1243,6.034328
156.2578,5.906673
156.3913,5.778896
156.5248,5.655029
156.6583,5.541814
156.7251,5.492445
156.7918,5.450557
156.8586,5.418714
156.9253,5.400588
156.9921,5.400968
157.0588,5.426458
157.1256,5.486281
157.1923,5.593022
157.2508,5.739466
157.3092,5.952857
157.3676,6.258289
157.426,6.693022
157.4844,7.315975
157.5136,7.727058
157.5428,8.228513
157.5574,8.521168
157.572,8.847326
157.5866,9.212202
157.6012,9.622078
157.6158,10.08455
157.6304,10.60881
157.645,11.20602
157.6596,11.88972
157.6692,12.39418
157.6788,12.9485
157.6884,13.55886
157.698,14.23225
157.7076,14.97658
157.7172,15.80075
157.7268,16.71482
157.7364,17.73009
157.7489,19.22482
157.7614,20.94466
157.7648,21.4561
157.774,22.94345
157.7831,24.57674
157.7923,26.41061
157.8015,28.44887
157.8107,30.71435
157.8198,33.20321
157.829,35.99713
157.8382,39.09973
157.8474,42.54303
157.8565,46.31792
157.8657,50.54412
157.8749,55.22197
157.8841,60.39378
157.8932,66.03934
157.9091,77.30784
157.9249,90.49832
157.9408,106.0566
157.9566,124.0783
157.9725,145.0944
157.9883,169.1433
158.0042,196.8282
158.02,228.0801
158.0384,269.5049
158.0568,316.6451
158.0752,369.7151
158.0935,428.4552
158.1119,493.4194
158.1302,563.6239
158.1669,719.0389
158.247,1091.325
158.2837,1251.025
158.3204,1384.593
158.3605,1485.526
158.3803,1514.204
158.4,1527.57
158.425,1522.234
158.45,1492.402
158.4757,1437.939
158.5013,1362.651
158.5484,1182.731
158.5954,974.0136
158.6403,772.9174
158.6628,677.8825
158.6852,589.4806
158.7077,508.1147
158.7301,435.2179
158.7525,370.6919
158.7749,314.4568
158.7963,268.1423
158.8177,228.5659
158.8391,195.1162
158.8604,167.2389
158.8818,143.9831
158.9032,124.8161
158.9246,109.1032
158.9459,96.32142
158.9673,85.8421
158.9887,77.29007
159.0101,70.2918
159.0314,64.56142
159.0528,59.79241
159.0742,55.80982
159.0956,52.45089
159.1169,49.59973
159.1362,47.35688
159.1554,45.38724
159.1939,42.05072
159.2324,39.32592
159.2708,37.04983
159.3093,35.10096
159.3478,33.41168
159.3863,31.93004
159.4247,30.62143
159.4632,29.45064
159.5017,28.39918
159.5786,26.58972
159.6555,25.08614
159.7324,23.81767
159.8051,22.78905
159.8778,21.89407
159.9505,21.10876
160.0231,20.41533
160.0958,19.79698
160.1684,19.24348
160.3137,18.29116
160.4591,17.50139
160.6044,16.83753
160.7497,16.27195
160.895,15.78456
161.0318,15.38355
161.1686,15.0288
161.3054,14.71275
161.4421,14.42973
161.5789,14.17479
161.7157,13.94425
161.9892,13.54163
162.2628,13.20015
162.5363,12.90791
162.8099,12.65474
163.0834,12.4332
163.3399,12.2489
163.5964,12.08353
163.8529,11.93413
164.1093,11.7984
164.3658,11.67428
164.6222,11.56032
165.1351,11.35899
165.648,11.18326
166.1609,11.02849
166.6738,10.8907
167.1867,10.76658
167.8706,10.61804
168.5545,10.48475
169.2384,10.36326
169.9223,10.25106
170.743,10.12595
171.5636,10.00866
172.6578,9.860577
173.752,9.718148
174.7095,9.595673
175.6669,9.472976
176.6244,9.348092
177.5818,9.219192
178.5393,9.084293
179.4967,8.941206
180.4542,8.787182
181.4116,8.619221
182.1297,8.481297
182.8478,8.3305
183.5659,8.164564
184.284,7.979978
185.0021,7.772642
185.3612,7.658864
185.7202,7.537286
186.0793,7.406671
186.4383,7.266493
186.7973,7.115713
187.1563,6.953088
187.5325,6.766408
187.9086,6.561967
188.2847,6.337306
188.6608,6.089621
189.037,5.815819
189.2251,5.668207
189.4131,5.513093
189.6012,5.350069
189.7892,5.179222
189.9773,5.000567
190.1653,4.814843
190.3534,4.622729
190.5415,4.426176
190.7296,4.22888
190.9176,4.037189
191.1057,3.861318
191.1998,3.784423
191.2938,3.719003
191.3879,3.669095
191.4819,3.64027
191.5759,3.639698
191.6699,3.677178
191.7853,3.795645
191.843,3.895128
191.9007,4.029446
191.9584,4.206469
191.9873,4.314186
192.0161,4.436075
192.045,4.574637
192.0738,4.730776
192.1027,4.907703
192.1315,5.106601
192.1486,5.236471
192.1657,5.375891
192.1828,5.525555
192.1999,5.686218
192.2139,5.82652
192.2278,5.974144
192.2299,5.997199
192.2358,6.063068
192.2417,6.13058
192.2534,6.26949
192.278,6.584817
192.3025,6.93324
192.3282,7.340152
192.3538,7.793124
192.3794,8.300119
192.405,8.868766
192.4286,9.455424
192.4521,10.10778
192.4756,10.83825
192.4991,11.65902
192.5226,12.58494
192.5461,13.63435
192.5696,14.83011
192.5931,16.20096
192.6167,17.79061
192.6402,19.63235
192.6637,21.79222
192.6872,24.3471
192.7107,27.39591
192.7225,29.15172
192.7342,31.0656
192.746,33.19186
192.7577,35.5185
192.7695,38.11268
192.7812,40.96081
192.793,44.14601
192.8047,47.6523
192.8165,51.58247
192.8282,55.91691
192.84,60.78234
192.8517,66.15367
192.8635,72.18645
192.8752,78.84737
192.887,86.32622
192.8987,94.57766
192.9105,103.8316
192.9222,114.0254
192.934,125.4351
192.9457,137.9742
192.9575,151.9709
192.9692,167.306
192.981,184.3655
192.9928,203.1538
193.0163,246.2445
193.0398,297.767
193.0633,358.7474
193.0868,430.1239
193.1103,512.6724
193.1338,606.9239
193.1573,713.0761
193.1958,911.9189
193.2343,1137.965
193.3112,1634.544
193.3583,1929.336
193.4053,2178.504
193.4494,2344.364
193.4935,2425.082
193.5,2429.086
193.5194,2428.694
193.5387,2410.084
193.5773,2320.859
193.6214,2144.696
193.6655,1909.818
193.7348,1483.408
193.7694,1269.65
193.804,1068.103
193.8387,884.7485
193.8733,724.4888
193.8907,652.9486
193.908,587.8478
193.9253,528.6397
193.9426,475.1207
193.96,426.7567
193.9773,383.7798
193.9946,345.54
194.0119,311.6604
194.0292,281.7558
194.0465,255.4436
194.0638,232.3516
194.0811,212.1252
194.0977,195.1021
194.1142,180.2226
194.1308,167.0578
194.1473,155.5425
194.1639,145.3341
194.1804,136.3767
194.1969,128.4471
194.2134,121.407
194.2465,109.4966
194.2795,99.93264
194.3126,92.07459
194.3456,85.54649
194.3787,80.00063
194.4117,75.24827
194.4448,71.09811
194.4778,67.45614
194.5439,61.31438
194.61,56.33068
194.6699,52.55698
194.7297,49.33441
194.7895,46.54619
194.8493,44.1104
194.9092,41.96118
194.969,40.05719
195.0288,38.35652
195.0886,36.82881
195.2083,34.19668
195.3279,32.01671
195.4475,30.18296
195.5671,28.62094
195.6679,27.47488
195.7686,26.45894
195.8694,25.55122
195.9701,24.73707
196.1716,23.33285
196.3731,22.16361
196.5746,21.17661
196.7761,20.33406
196.9776,19.60698
197.1791,18.97341
197.4814,18.16258
197.7836,17.48362
198.0859,16.90686
198.3881,16.41342
198.7911,15.85283
199.0934,15.48904
199.3956,15.16651
199.6978,14.8786
200,14.62068
200.3201,14.37481
200.6402,14.15136
200.9603,13.94848
201.2803,13.76355
201.9205,13.43766
202.5606,13.15968
203.2008,12.9194
203.8409,12.70924
204.481,12.52343
205.1211,12.35843
205.8253,12.19721
206.5294,12.05038
207.2336,11.91658
207.9377,11.79611
208.6419,11.6852
209.346,11.58189
210.7543,11.39768
212.1626,11.23412
213.5709,11.08693
214.9792,10.95133
216.3874,10.82355
217.4117,10.73397
218.4359,10.64584
219.7162,10.53579
220.9964,10.42341
221.6366,10.36551
222.2767,10.3056
222.9168,10.24304
223.5569,10.17807
224.1331,10.11586
224.7092,10.04933
225.2853,9.977612
225.8614,9.899339
226.4376,9.812703
227.0137,9.715498
227.3018,9.662195
227.5898,9.604618
227.8779,9.542215
228.1659,9.474336
228.438,9.40429
228.7101,9.327471
228.9822,9.242632
229.2542,9.148271
229.5263,9.042509
229.6623,8.984708
229.7983,8.923095
229.9344,8.857127
230.0704,8.7864
230.2064,8.71036
230.3424,8.628446
230.4865,8.534536
230.6305,8.432561
230.7745,8.321609
230.9185,8.20091
230.9906,8.136645
231.0626,8.069892
231.1346,8.000624
231.2066,7.928999
231.2786,7.855337
231.3506,7.780212
231.4226,7.704597
231.4946,7.630117
231.5707,7.555701
231.6467,7.491506
231.6847,7.466373
231.7227,7.448813
231.7607,7.442485
231.7987,7.453163
231.8367,7.490125
231.8747,7.568455
231.9127,7.712673
231.9317,7.821052
231.9507,7.962299
231.9697,8.145034
231.9887,8.380003
232.0077,8.680518
232.0267,9.062951
232.0457,9.547277
232.0647,10.15767
232.0837,10.92312
232.1027,11.87809
232.1238,13.21015
232.1448,14.88231
232.1658,16.97511
232.1868,19.57467
232.2078,22.77843
232.2288,26.6947
232.2498,31.44162
232.2708,37.14528
232.2918,43.93705
232.3128,51.94987
232.3338,61.31352
232.3548,72.14906
232.3758,84.56223
232.3968,98.63629
232.4178,114.4244
232.4388,131.9419
232.4598,151.1591
232.4808,171.9944
232.5228,217.9062
232.5388,236.5863
232.5608,262.9846
232.5948,304.4827
232.6388,356.7617
232.6828,403.3624
232.7268,439.9219
232.7708,462.7797
232.8,469.1719
232.8032,469.4259
232.8141,469.6237
232.8249,468.8037
232.8465,464.1688
232.8932,441.2759
232.94,403.3347
232.9867,355.005
233.0674,261.8675
233.1078,216.9192
233.1481,176.1628
233.1683,157.694
233.1885,140.6649
233.2087,125.1187
233.2288,111.1259
233.249,98.51901
233.2692,87.31621
233.2894,77.4412
233.3095,68.84235
233.3297,61.33303
233.3499,54.85227
233.3701,49.29208
233.3902,44.56817
233.4104,40.53261
233.4306,37.11594
233.4508,34.23101
233.4709,31.81013
233.489,29.95667
233.5071,28.36632
233.5252,26.99986
233.5432,25.82915
233.5613,24.81174
233.5793,23.93382
233.5974,23.16415
233.6154,22.49319
233.6335,21.89819
233.6515,21.37306
233.6876,20.47942
233.7237,19.74753
233.7598,19.13325
233.7959,18.60659
233.832,18.14703
233.8681,17.74033
233.9042,17.37642
233.9764,16.74934
234.0486,16.22566
234.1081,15.85387
234.1676,15.52551
234.2271,15.23321
234.2865,14.97165
234.346,14.7354
234.4054,14.52158
234.5243,14.14815
234.6433,13.8326
234.7622,13.56249
234.8811,13.32831
235,13.12329
235.1225,12.93715
235.245,12.77215
235.3675,12.62484
235.49,12.49249
235.6125,12.37293
235.735,12.26429
235.9799,12.07374
236.2249,11.91119
236.4699,11.77081
236.7149,11.64818
236.9598,11.53991
237.2048,11.4433
237.4498,11.35636
237.6948,11.27749
237.9397,11.20546
238.1847,11.13927
238.4297,11.07828
238.9196,10.96813
239.4096,10.87028
239.8995,10.78227
240.3894,10.70175
240.8793,10.62696
241.3693,10.55645
241.8592,10.4891
242.3491,10.42385
242.839,10.35979
243.329,10.296
243.8189,10.2316
244.3089,10.16557
244.7988,10.0968
245.2888,10.02406
245.7787,9.945505
246.0237,9.903232
246.2686,9.858556
246.5136,9.810999
246.7585,9.760064
246.9882,9.708624
247.2179,9.652967
247.4476,9.592321
247.6772,9.525796
247.9069,9.452024
248.0217,9.411912
248.1365,9.369322
248.2514,9.323956
248.3662,9.275601
248.481,9.223886
248.5958,9.16844
248.7183,9.104699
248.8408,9.035719
248.9633,8.96098
249.0858,8.880034
249.1471,8.837116
249.2083,8.79268
249.2696,8.746661
249.3308,8.699389
249.3921,8.651055
249.4533,8.602466
249.5145,8.554691
249.5757,8.51001
249.6408,8.471249
249.6734,8.458719
249.7059,8.454268
249.7385,8.46227
249.771,8.489366
249.8035,8.545662
249.836,8.646221
249.8523,8.719917
249.8686,8.81379
249.8849,8.932183
249.9011,9.079246
249.9174,9.262859
249.9336,9.487826
249.9499,9.765227
249.9661,10.10119
249.9824,10.51094
249.9987,11.00531
250.015,11.59869
250.0312,12.3026
250.0475,13.14371
250.0637,14.13148
250.08,15.29991
250.0962,16.65818
250.1135,18.35395
250.1307,20.32259
250.1479,22.60671
250.1651,25.24106
250.1824,28.2797
250.1996,31.72282
250.2168,35.62098
250.234,40.00633
250.2513,44.93801
250.2685,50.38392
250.2857,56.39033
250.3029,62.9697
250.3374,77.90219
250.3718,95.01126
250.4101,116.3381
250.4484,139.4228
250.5249,186.7059
250.5517,202.1404
250.5728,213.3538
250.5938,223.4419
250.6244,235.7905
250.6512,243.9186
250.6722,248.3292
250.7,251.3447
250.7028,251.4656
250.7119,251.6259
250.7209,251.4346
250.739,250.0037
250.776,242.8798
250.813,230.6269
250.85,214.1493
250.8854,195.477
250.9207,175.1239
250.9913,133.3829
251.025,114.6093
251.0586,97.39835
251.0923,81.98552
251.1259,68.6308
251.1428,62.68542
251.1596,57.2781
251.1764,52.35751
251.1932,47.90406
251.21,43.89425
251.2268,40.30163
251.2436,37.09781
251.2604,34.25322
251.2756,31.96405
251.2907,29.93497
251.3059,28.11762
251.321,26.51529
251.3362,25.08691
251.3513,23.83264
251.3664,22.72518
251.3815,21.74842
251.3967,20.88217
251.4118,20.1242
251.427,19.452
251.4421,18.86326
251.4573,18.34012
251.4724,17.88058
251.4875,17.47314
251.5026,17.11093
251.5178,16.78588
251.5329,16.49698
251.5632,16.00167
251.5935,15.5951
251.6237,15.25622
251.654,14.96665
251.6843,14.71587
251.7146,14.49534
251.7448,14.29948
251.7953,14.0136
251.8458,13.76795
251.8963,13.5533
251.9467,13.36379
251.9972,13.1942
252.0476,13.04192
252.1485,12.7782
252.2494,12.55751
252.3503,12.36973
252.4512,12.2078
252.5521,12.06658
252.6531,11.94212
252.754,11.83171
252.8549,11.73294
252.9558,11.644
253.0567,11.56345
253.1576,11.49011
253.3594,11.36127
253.5613,11.25123
253.7631,11.15581
253.9649,11.07205
254.1667,10.9978
254.382,10.92716
254.5973,10.86379
254.8126,10.80646
255.0279,10.7542
255.2432,10.70629
255.4585,10.66218
255.889,10.58275
256.3196,10.51247
256.7502,10.44954
257.1808,10.39239
257.6113,10.33984
258.2572,10.26776
258.9031,10.20228
259.549,10.14058
260.1948,10.08238
260.8407,10.02677
261.4865,9.972931
262.7782,9.868453
263.8009,9.78696
264.8235,9.704944
265.8461,9.621102
266.8687,9.534151
267.8913,9.442647
268.9139,9.344858
269.9365,9.239188
270.9591,9.122193
271.4166,9.065275
271.8741,9.004909
272.3316,8.940518
272.7891,8.871374
273.2466,8.796589
273.7041,8.71519
274.1616,8.625101
274.3903,8.576144
274.619,8.524129
274.8343,8.471968
275.0496,8.416252
275.2649,8.356442
275.4802,8.291901
275.6955,8.221831
275.9108,8.145136
276.0185,8.103869
276.1261,8.060468
276.2337,8.014699
276.3413,7.966354
276.4557,7.911888
276.5701,7.854022
276.6845,7.792578
276.7988,7.727602
276.856,7.693834
276.9132,7.659374
276.9704,7.624447
277.0275,7.58949
277.0847,7.555091
277.1419,7.522679
277.1991,7.494997
277.2562,7.477737
277.2865,7.476413
277.3168,7.484013
277.3471,7.504743
277.3773,7.544463
277.4076,7.611946
277.4379,7.718985
277.4531,7.792495
277.4682,7.881886
277.4833,7.990494
277.4984,8.121657
277.5136,8.280333
277.5287,8.468802
277.5439,8.694547
277.559,8.960161
277.5742,9.27544
277.5893,9.643155
277.6044,10.07282
277.6195,10.57277
277.6347,11.15621
277.6498,11.82535
277.665,12.59974
277.6801,13.48048
277.6953,14.49122
277.7104,15.6311
277.7255,16.91911
277.7406,18.36829
277.7575,20.19756
277.7743,22.25049
277.7911,24.55467
277.8079,27.12654
277.8248,29.99896
277.8416,33.15104
277.8752,40.38145
277.9089,48.90461
277.9425,58.64627
277.9761,69.52365
278.0097,81.3375
278.0804,107.8205
278.151,133.062
278.183,142.8269
278.1846,143.275
278.1893,144.567
278.1939,145.7951
278.2031,148.1389
278.2216,152.3674
278.2401,155.8951
278.2586,158.6671
278.2771,160.6401
278.3,161.9321
278.3027,161.9992
278.3104,162.091
278.318,162.0375
278.3333,161.497
278.3741,157.3071
278.4053,151.598
278.4365,144.014
278.4941,126.291
278.5517,105.8908
278.6045,86.94781
278.6573,69.36552
278.6837,61.42391
278.7101,54.1594
278.7365,47.61339
278.7629,41.79801
278.7881,36.91714
278.8133,32.66273
278.8385,28.99455
278.8637,25.86389
278.8889,23.21705
278.9141,20.99839
278.9267,20.03233
278.9393,19.15279
278.9519,18.35329
278.9645,17.62755
278.9771,16.9696
278.9897,16.37374
279.0023,15.83457
279.0149,15.34704
279.0275,14.9064
279.0401,14.50823
279.0527,14.14844
279.0653,13.82325
279.0905,13.26304
279.1157,12.80325
279.1409,12.42371
279.166,12.10916
279.19,11.85552
279.214,11.63863
279.238,11.45116
279.262,11.28733
279.286,11.14254
279.31,11.01322
279.358,10.79036
279.406,10.60284
279.454,10.44081
279.502,10.29804
279.5499,10.17067
279.6459,9.950166
279.7419,9.764566
279.8379,9.604785
279.9338,9.46489
280.0394,9.328567
280.145,9.206822
280.2506,9.096592
280.3561,8.995656
280.5672,8.814642
280.7783,8.653903
280.9319,8.545983
281.0855,8.443654
281.3926,8.250596
281.5942,8.12904
281.7957,8.009561
282.1988,7.771586
282.6019,7.528213
283.005,7.272314
283.4081,6.997275
283.6097,6.850461
283.8112,6.696395
284.0128,6.534048
284.2143,6.362759
284.4158,6.181614
284.6173,5.989483
284.8285,5.775007
285.0396,5.546429
285.2508,5.303341
285.4619,5.046669
285.5675,4.913815
285.6731,4.778714
285.7787,4.642269
285.8842,4.505925
285.9898,4.37134
286.0953,4.241546
286.2009,4.120361
286.3064,4.013986
286.3952,3.942202
286.484,3.89457
286.5728,3.881844
286.6615,3.919532
286.7503,4.030903
286.7947,4.124718
286.8391,4.251837
286.8835,4.420289
286.9279,4.640678
286.9501,4.774637
286.9723,4.92733
286.9945,5.101428
287.0166,5.299162
287.0334,5.468078
287.0502,5.655202
287.067,5.862803
287.0838,6.093519
287.1006,6.350426
287.1174,6.637124
287.1342,6.957825
287.151,7.317475
287.169,7.752652
287.187,8.247663
287.1942,8.464609
287.2074,8.893752
287.2206,9.367769
287.232,9.817514
287.2434,10.30889
287.2548,10.84636
287.2661,11.42951
287.2781,12.10971
287.2901,12.8597
287.3021,13.68741
287.3141,14.60166
287.3261,15.61222
287.3381,16.72991
287.3501,17.96667
287.3621,19.33565
287.3729,20.69269
287.3837,22.18001
287.3945,23.81006
287.4053,25.59631
287.4161,27.55331
287.4269,29.69668
287.4377,32.04324
287.4485,34.61098
287.4701,40.48808
287.4917,47.49679
287.5133,55.82624
287.5348,65.63608
287.548,72.50619
287.5612,80.08726
287.5744,88.43656
287.5876,97.61309
287.6008,107.6772
287.614,118.69
287.6404,143.8074
287.6668,173.4481
287.6932,208.0646
287.7196,248.05
287.746,293.7057
287.77,340.2818
287.794,391.7078
287.818,447.8698
287.842,508.505
287.89,641.3193
287.9379,784.3741
287.9907,944.535
288.0435,1094.137
288.0843,1193.223
288.1251,1270.9
288.1594,1315.786
288.1937,1339.697
288.2,1341.704
288.2189,1343.224
288.2378,1338.008
288.2756,1307.914
288.3186,1244.32
288.3615,1154.839
288.429,978.259
288.4964,784.171
288.5639,598.1731
288.5977,514.1643
288.6314,438.392
288.6652,371.0884
288.6989,312.8062
288.7326,263.065
288.7495,241.1636
288.7663,221.2859
288.7824,203.9139
288.7985,188.0867
288.8146,173.7052
288.8307,160.6691
288.8468,148.8782
288.8629,138.2337
288.879,128.6397
288.8951,120.004
288.9112,112.2386
288.9273,105.2607
288.9434,98.99262
288.9595,93.36213
288.9917,83.75318
289.0239,75.96673
289.0561,69.61856
289.0883,64.39895
289.1205,60.0624
289.1527,56.41706
289.1849,53.31466
289.2171,50.64153
289.2493,48.31088
289.2814,46.26259
289.3397,43.08964
289.3979,40.45654
289.4562,38.21858
289.5144,36.2931
289.5727,34.61029
289.6309,33.13012
289.6892,31.81296
289.7474,30.63667
289.8639,28.61833
289.9804,26.95113
290.0969,25.55139
290.2134,24.36023
290.2993,23.5901
290.3852,22.89675
290.5569,21.6997
290.7286,20.70169
290.9003,19.8558
291.072,19.12929
291.2437,18.49893
291.4154,17.94724
291.5871,17.4605
291.7711,16.99872
291.9551,16.58862
292.1391,16.22191
292.323,15.89217
292.507,15.59377
292.691,15.3228
293.0589,14.84997
293.4269,14.44772
293.7948,14.10056
294.1627,13.79839
294.5306,13.53268
294.9231,13.28196
295.3156,13.05903
295.7081,12.85908
296.1005,12.67838
296.493,12.51388
296.8855,12.36408
297.6704,12.0968
298.4554,11.8631
299.2403,11.65569
300.0252,11.46795
300.8101,11.29481
301.3989,11.17206
301.9876,11.05362
302.5763,10.93808
303.165,10.82424
303.8519,10.69168
304.5387,10.55725
305.2255,10.41841
305.9123,10.27293
306.5991,10.11569
306.9425,10.03132
307.2859,9.942092
307.6293,9.847035
307.9727,9.74498
308.3161,9.634488
308.6595,9.513836
308.9539,9.400916
309.2483,9.277347
309.5427,9.140371
309.837,8.987345
309.9842,8.903749
310.1314,8.814764
310.2786,8.719786
310.4257,8.618209
310.5729,8.50914
310.7201,8.391812
310.8673,8.265289
311.0144,8.128581
311.1494,7.993039
311.2843,7.846978
311.4192,7.689487
311.5541,7.520104
311.689,7.339131
311.7565,7.244739
311.8239,7.148559
311.8914,7.051175
311.9588,6.954302
312.0263,6.860013
312.0937,6.772596
312.1673,6.693653
312.2041,6.66596
312.2409,6.651188
312.2777,6.655542
312.3145,6.688371
312.3513,6.763749
312.3881,6.902744
312.4249,7.136569
312.4617,7.510834
312.4801,7.770146
312.4985,8.091044
312.5169,8.485943
312.5353,8.969423
312.5537,9.558502
312.5721,10.27291
312.5905,11.13539
312.6089,12.17193
312.6273,13.41206
312.6457,14.88905
312.6641,16.64006
312.6824,18.69413
312.7001,21.0193
312.7177,23.70501
312.7354,26.82845
312.753,30.40352
312.7707,34.52292
312.7883,39.19371
312.8059,44.49226
312.8235,50.47355
312.8412,57.2324
312.8588,64.74535
312.8764,73.09809
312.894,82.33582
312.9117,92.55819
312.9293,103.6815
312.9469,115.7831
312.9645,128.8746
312.9876,147.5556
313.0106,167.8073
313.0197,176.2577
313.0381,194.0616
313.0718,228.9172
313.1362,301.228
313.2037,378.3265
313.271,446.1827
313.3017,471.1484
313.3324,491.0558
313.3661,506.2179
313.4,513.7558
313.4039,514.1089
313.4173,514.5058
313.4307,513.6404
313.4575,508.1738
313.4867,496.7638
313.5159,480.1044
313.5691,438.376
313.6222,386.2073
313.7178,282.5677
313.7656,233.0801
313.8134,188.4405
313.8374,168.3103
313.8613,149.9101
313.8852,133.1868
313.9091,118.1317
313.933,104.7002
313.9569,92.81877
313.9808,82.39219
314.0047,73.31013
314.0286,65.45316
314.0525,58.69798
314.0764,52.92179
314.1003,48.0058
314.1242,43.83778
314.1481,40.31389
314.172,37.33985
314.1959,34.83138
314.2172,32.92767
314.2384,31.29584
314.2597,29.88047
314.2809,28.66042
314.3022,27.59442
314.3234,26.6673
314.3447,25.84884
314.3659,25.12878
314.3872,24.48523
314.4084,23.91174
314.4509,22.92367
314.4934,22.10115
314.5359,21.40098
314.5784,20.79363
314.6209,20.25872
314.6634,19.7819
314.7059,19.35278
314.7909,18.60863
314.8759,17.98316
314.9609,17.44872
315.0459,16.98616
315.1309,16.58159
315.2159,16.2246
315.3009,15.90714
315.3859,15.62288
315.4709,15.36675
315.5559,15.13463
315.6409,14.92316
315.8109,14.55165
315.9809,14.23552
316.1509,13.96309
316.3209,13.72578
316.4803,13.52933
316.6397,13.35382
316.7991,13.19595
316.9584,13.05315
317.1178,12.92317
317.2772,12.80441
317.5959,12.59508
317.9147,12.41507
318.2334,12.25799
318.5521,12.11962
318.8708,11.99654
319.2108,11.87905
319.5508,11.77336
319.8908,11.67749
320.2308,11.58988
320.5708,11.50935
320.9108,11.43521
321.5908,11.30127
322.2708,11.18247
322.9508,11.0759
323.6308,10.97892
324.3107,10.8896
325.1607,10.78643
326.0107,10.69139
326.8607,10.601
327.7107,10.51539
328.5607,10.43244
329.4107,10.35247
331.1106,10.19669
332.8106,10.04321
334.5106,9.887847
336.2106,9.727061
337.9105,9.556847
339.6105,9.372116
340.4605,9.273251
341.3105,9.16763
342.1605,9.056614
343.0105,8.936838
343.8605,8.809447
344.7104,8.669687
345.4754,8.53261
346.2404,8.382834
347.0054,8.217899
347.7704,8.03468
348.5354,7.829124
349.3004,7.596307
349.6829,7.468296
350.0654,7.329777
350.4479,7.179886
350.8303,7.017332
351.2128,6.840163
351.5953,6.646171
351.9778,6.432653
352.3603,6.196369
352.7428,5.933529
352.9341,5.790883
353.1253,5.640171
353.3166,5.480504
353.5078,5.311191
353.699,5.131505
353.8902,4.941124
354.0709,4.751364
354.2515,4.552607
354.4321,4.346023
354.6127,4.134381
354.7934,3.923078
354.8837,3.820687
354.974,3.723034
355.0643,3.633043
355.1546,3.55482
355.2449,3.494187
355.3352,3.459549
355.4083,3.458905
355.4813,3.492923
355.5544,3.57575
355.6274,3.728663
355.664,3.841904
355.7005,3.987122
355.737,4.173044
355.7735,4.411119
355.7918,4.554822
355.8101,4.717975
355.8284,4.903508
355.8466,5.113643
355.8649,5.354741
355.8831,5.628903
355.9014,5.94476
355.9196,6.305415
355.9389,6.747134
355.9582,7.260436
355.9775,7.858009
355.9967,8.550879
356.0179,9.450719
356.0259,9.832308
356.0392,10.52398
356.0538,11.37419
356.0684,12.3312
356.087,13.72634
356.1056,15.34758
356.1242,17.23005
356.1427,19.4008
356.1574,21.36678
356.172,23.55652
356.1866,26.00831
356.2012,28.74988
356.2158,31.81103
356.2304,35.22363
356.245,39.0216
356.2596,43.24084
356.2736,47.71736
356.2875,52.61391
356.3015,58.03692
356.3154,63.94571
356.3294,70.46335
356.3433,77.53509
356.3712,93.69117
356.3991,112.723
356.427,134.9265
356.4549,160.5685
356.4827,189.7573
356.508,219.6082
356.5332,252.5116
356.5585,288.712
356.5837,327.8253
356.6342,414.5342
356.6846,509.7335
356.8015,737.5692
356.8493,819.8047
356.8971,887.2296
356.9564,942.9338
357,960.6032
357.0346,959.6539
357.0692,945.5564
357.1172,905.624
357.1652,845.2466
357.242,718.518
357.3188,574.9653
357.386,452.3653
357.4196,395.7578
357.4532,343.5012
357.4868,296.1357
357.5204,253.9257
357.554,216.8969
357.5876,184.8816
357.6212,157.5663
357.6548,134.5391
357.6884,115.3313
357.7052,107.0068
357.722,99.45373
357.7388,92.61231
357.7556,86.42462
357.7724,80.835
357.7892,75.79044
357.806,71.24083
357.8228,67.13919
357.8564,60.10779
357.89,54.38443
357.9236,49.70731
357.9572,45.86092
357.9908,42.67092
358.0244,39.99834
358.058,37.73377
358.0916,35.79197
358.1252,34.10697
358.1589,32.62387
358.1925,31.31234
358.2597,29.07667
358.3269,27.22722
358.3941,25.66029
358.4613,24.3088
358.5285,23.12697
358.5957,22.082
358.6629,21.1494
358.7301,20.31026
358.7973,19.54969
358.9317,18.2187
359.0661,17.08485
359.2005,16.0992
359.3541,15.11005
359.5077,14.23162
359.6614,13.43539
359.815,12.70095
359.9495,12.09483
360.0839,11.51426
360.2183,10.95194
360.3527,10.40355
360.4199,10.13432
360.4871,9.869163
360.5543,9.609654
360.6215,9.359088
360.6887,9.12402
360.7559,8.917677
360.8231,8.767101
360.8567,8.728259
360.8903,8.727523
360.9239,8.780643
360.9575,8.909585
360.9911,9.144626
361.0247,9.526947
361.0583,10.11172
361.0919,10.97169
361.1087,11.53336
361.1255,12.20104
361.1423,12.99052
361.1591,13.91941
361.1759,15.00727
361.1927,16.27566
361.2095,17.74825
361.2263,19.45084
361.2431,21.41137
361.2599,23.65989
361.2767,26.22845
361.2935,29.15102
361.3103,32.46328
361.3271,36.20234
361.3439,40.40646
361.3607,45.1146
361.3775,50.366
361.3943,56.19957
361.4111,62.65333
361.4279,69.76366
361.4459,78.149
361.4639,87.36468
361.4819,97.44287
361.4999,108.409
361.5359,133.065
361.5719,161.3512
361.5983,184.3115
361.6247,208.9965
361.6679,252.5349
361.7255,314.5148
361.7783,371.8092
361.8311,425.3067
361.8887,474.184
361.9415,505.9917
361.9957,522.5116
362,523.0649
362.0044,523.5134
362.0178,524.1443
362.0311,523.6768
362.0578,519.4823
362.118,494.9315
362.169,460.0005
362.2199,415.5901
362.3218,313.0454
362.3728,262.0076
362.4237,214.9659
362.4724,175.1863
362.4967,157.5157
362.521,141.3497
362.5454,126.627
362.5697,113.4346
362.594,101.6516
362.6183,91.20142
362.6427,81.95881
362.667,73.9004
362.6913,66.88238
362.7156,60.80026
362.7399,55.55143
362.7642,51.03747
362.7885,47.16586
362.8128,43.85115
362.8348,41.26542
362.8568,39.02037
362.8788,37.06941
362.9008,35.3712
362.9228,33.88936
362.9448,32.59216
362.9668,31.45214
362.9888,30.44567
363.0108,29.55261
363.0328,28.7558
363.0768,27.39534
363.1208,26.27409
363.1648,25.32888
363.2088,24.51573
363.2528,23.80403
363.2968,23.17225
363.3408,22.605
363.4288,21.62199
363.5168,20.79394
363.6095,20.04793
363.7021,19.40331
363.7948,18.83791
363.8874,18.33772
363.9801,17.8902
364.0727,17.48753
364.1653,17.12236
364.2579,16.78922
364.4432,16.20188
364.6284,15.69928
364.8137,15.26205
364.9989,14.87724
365.2213,14.47022
365.4436,14.11105
365.6659,13.78937
365.8882,13.49809
366.1106,13.23211
366.3329,12.98762
366.7775,12.54995
367.2222,12.1654
367.6668,11.82059
368.1114,11.50234
368.556,11.20523
369.1489,10.83293
369.7417,10.4786
370.3716,10.11246
371.0015,9.748886
371.6314,9.380399
372.2613,8.999793
372.8912,8.599644
373.5211,8.172056
374.151,7.709653
374.466,7.460901
374.7809,7.19869
375.1515,6.870882
375.522,6.519779
375.8926,6.142321
376.2631,5.735966
376.6337,5.29837
376.819,5.067641
377.0042,4.829321
377.1895,4.583718
377.3747,4.332122
377.56,4.075942
377.7452,3.818212
377.9027,3.600993
378.0602,3.389947
378.2177,3.191143
378.3751,3.013469
378.5326,2.869557
378.6901,2.778811
378.7689,2.762058
378.8476,2.77079
378.9263,2.811289
378.9657,2.845915
379.005,2.891523
379.0583,2.973452
379.085,3.024248
379.1116,3.082041
379.1383,3.147862
379.1649,3.221869
379.1915,3.305001
379.2181,3.398039
379.2505,3.525985
379.2829,3.671618
379.2945,3.728421
379.3142,3.830918
379.3339,3.941441
379.3536,4.060536
379.3733,4.188782
379.393,4.326813
379.4126,4.474534
379.4335,4.644301
379.4543,4.826745
379.4752,5.024671
379.496,5.237351
379.5169,5.468097
379.5377,5.716094
379.5585,5.983946
379.5793,6.273332
379.6141,6.810983
379.6488,7.422746
379.6836,8.124559
379.7183,8.927483
379.7531,9.854833
379.7878,10.92444
379.8225,12.16779
379.8572,13.62155
379.8827,14.85065
379.9082,16.24111
379.9337,17.8203
379.9591,19.61348
379.9846,21.674
380.0101,24.04235
380.0356,26.77487
380.061,29.92529
380.0865,33.59779
380.112,37.87484
380.1375,42.86687
380.1629,48.67796
380.1884,55.50254
380.2139,63.49076
380.2394,72.83759
380.2648,83.71648
380.2857,94.01229
380.3065,105.6195
380.3274,118.8067
380.3482,133.6135
380.3691,150.3572
380.3899,169.0582
380.4108,190.0819
380.4316,213.4128
380.4525,239.4603
380.4733,268.1522
380.4942,299.9324
380.515,334.6475
380.5567,414.0127
380.5983,506.6873
380.6493,638.7138
380.7002,789.1459
380.7512,954.8313
380.8021,1129.079
380.8809,1396.767
380.9596,1628.81
381.024,1766.375
381.0883,1839.484
381.1,1845.096
381.1328,1847.805
381.1655,1831.519
381.231,1745.265
381.277,1647.538
381.3229,1526.465
381.4147,1242.772
381.4882,1007.122
381.5616,789.71
381.5984,692.2847
381.6351,604.2368
381.6718,525.6921
381.7085,456.6207
381.7407,403.5337
381.7728,357.18
381.805,316.7596
381.8371,281.9553
381.8693,251.9551
381.9014,226.3557
381.9335,204.4934
381.9656,185.8439
381.9978,169.8852
382.0299,156.2921
382.0621,144.6078
382.0942,134.5862
382.1264,125.8933
382.1585,118.3562
382.1906,111.758
382.2227,105.9433
382.2778,97.43333
382.3329,90.37281
382.388,84.41227
382.4431,79.3037
382.4982,74.86894
382.5533,70.97771
382.6084,67.53267
382.6635,64.45951
382.7737,59.20887
382.8839,54.88723
382.9941,51.26832
383.1043,48.19393
383.2054,45.7542
383.3064,43.61282
383.4074,41.71695
383.5084,40.02736
383.6094,38.51283
383.7104,37.14812
383.9124,34.78897
384.1144,32.823
384.3164,31.16137
384.5184,29.7405
384.7204,28.51266
384.9225,27.43939
385.1245,26.49242
385.3265,25.65023
385.5285,24.89723
385.7305,24.22055
385.9325,23.60933
386.3365,22.5488
386.7406,21.66018
387.1446,20.90512
387.5486,20.25539
387.9526,19.69105
388.3383,19.21954
388.724,18.7986
389.1097,18.41933
389.4953,18.07734
389.881,17.76756
390.2666,17.48558
391.0379,16.99084
391.8093,16.57061
392.5806,16.20901
393.3519,15.89419
394.1232,15.61736
394.8578,15.383
395.5924,15.17515
396.327,14.98442
397.0616,14.81209
397.7962,14.65283
398.5308,14.50815
398.7145,14.47336
398.8981,14.44042
398.99,14.42623
399.0359,14.4207
399.0818,14.41707
399.1048,14.41629
399.1277,14.41645
399.1507,14.41776
399.1736,14.42048
399.1966,14.42496
399.2195,14.43153
399.2425,14.44069
399.2654,14.45288
399.2884,14.46878
399.3114,14.48903
399.3344,14.51438
399.3573,14.54553
399.3803,14.58368
399.4032,14.62951
399.4262,14.68452
399.4491,14.74939
399.4721,14.82593
399.495,14.91474
399.518,15.01791
399.5409,15.13584
399.5639,15.27086
399.5868,15.42304
399.6098,15.59487
399.6327,15.7859
399.6557,15.9987
399.6786,16.23214
399.7245,16.7666
399.7704,17.39019
399.8163,18.09918
399.8622,18.88475
399.9081,19.73315
399.9999,21.54275
400.0001,28.79825
450,27.75838
550,26.12439
650,24.88648
750,23.90731
850,23.10814
950,22.44011
1100,21.61644
1300,20.75168
1500,20.06897
1800,19.2708
2150,18.56421
2450,18.0863
2800,17.63166
3250,17.16207
3750,16.74637
4500,16.26299
5500,15.78607
6500,15.42933
7500,15.15051
8500,14.92545
9500,14.73925
11000,14.5123
13000,14.2774
15000,14.09452
18000,13.88348
21500,13.69881
24500,13.5746
28000,13.4564
32500,13.33346
37500,13.22273
43027.69,13.12164
43027.71,13.09724
50000,12.97115
60000,12.81484
70000,12.67693
80000,12.55016
90000,12.43103
100000,12.31739
142592,11.8707
142592.2,11.8707
200000,11.31249
296109,10.49988
300000,10.46956
400000,9.75324
500000,9.157208
502451,9.143941
502451.3,9.14394
600000,8.639026
700000,8.243111
785276,7.968968
800000,7.926968
845120,7.807394
845120.2,7.807394
880023,7.72381
900000,7.679229
927095,7.62246
984017,7.520889
984017.3,7.52089
1000000,7.494002
1056010,7.408995
1056012,7.408993
1083270,7.372495
1083273,7.372489
1109380,7.340294
1128880,7.31792
1132640,7.313749
1132645,7.31374
1134030,7.312231
1134031,7.312231
1170270,7.274963
1179560,7.266085
1184030,7.261885
1184035,7.26188
1200000,7.247479
1200800,7.246768
1200803,7.246765
1215490,7.234232
1215493,7.234228
1225000,7.226418
1225002,7.226415
1400000,7.122978
1600000,7.078427
1800000,7.087508
2000000,7.133693
2500000,7.326523
3000000,7.520494
3500000,7.645142
4000000,7.679894
4500000,7.631184
5000000,7.515899
5499999,7.354131
5500000,7.353932
5500001,7.353932
6000000,7.163588
6484470,6.963988
6484473,6.963987
7000000,6.751758
8000000,6.364422
9000000,6.057419
10000000,5.847311
11000000,5.711974
12000000,5.651817
12026100,5.651134
12027110,5.651131
13000000,5.653356
14000000,5.704786
15000000,5.794096
16000000,5.907159
17000000,6.030996
18000000,6.15343
18856000,6.250154
19000000,6.265184
20000000,6.357641
